"STATION","NAME","LATITUDE","LONGITUDE","ELEVATION","DATE","DP10","DP10_ATTRIBUTES","DX32","DX32_ATTRIBUTES","DX90","DX90_ATTRIBUTES","EMXP","EMXP_ATTRIBUTES","EMXT","EMXT_ATTRIBUTES","PRCP","PRCP_ATTRIBUTES","TAVG","TAVG_ATTRIBUTES","TMAX","TMAX_ATTRIBUTES","TMIN","TMIN_ATTRIBUTES"
"SUM00062680","ATBARA, SU","17.7","33.967","345.0","2009-04",,,"0","5,S","25","5,S",,,"46.5","5,S,26,+",,,,,"43.2","5,,,S",,
"SUM00062680","ATBARA, SU","17.7","33.967","345.0","2009-06",,,"0","3,S","27","3,S",,,"47.5","3,S,23,",,,,,"45.5","3,,,S",,
"SUM00062680","ATBARA, SU","17.7","33.967","345.0","2013-11",,,"0","4,S","23","4,S",,,"39.2","4,S,08,+",,,"28.4","5,S","35.9","4,,,S","20.9","3,,,S"
"SU000062790","NYALA, SU","12.05","24.883","643.0","2013-11",,,"0","3,S","26","3,S",,,"37.0","3,S,09,+",,,,,"35.0","3,,,S",,
"SU000062790","NYALA, SU","12.05","24.883","643.0","2013-12",,,"0","5,S","11","5,S",,,"39.0","5,S,01,",,,,,"32.0","5,,,S",,
"KE000063619","MOYALE, KE","3.533","39.033","1097.0","2009-10",,,"0","4,S","1","4,S",,,"32.6","4,S,19,",,,"23.0","5,S","27.2","4,,,S","18.9","4,,,S"
"TZ000063832","TABORA AIRPORT, TZ","-5.083","32.833","1182.0","2009-06",,,,,,,,,,,,,,,,,"16.0","5,,,S"
"TZ000063832","TABORA AIRPORT, TZ","-5.083","32.833","1182.0","2009-09",,,"0","5,S","16","5,S",,,"34.7","5,S,14,",,,,,"32.7","5,,,S",,
"TZ000063832","TABORA AIRPORT, TZ","-5.083","32.833","1182.0","2009-10",,,"0","4,S","26","4,S",,,"34.5","4,S,01,",,,,,"33.4","4,,,S",,
"TZ000063832","TABORA AIRPORT, TZ","-5.083","32.833","1182.0","2009-12",,,,,,,,,,,,,,,,,"18.8","4,,,S"
"TZ000063832","TABORA AIRPORT, TZ","-5.083","32.833","1182.0","2010-01",,,"0","5,S","0","5,S",,,"32.0","5,S,20,",,,,,"28.9","5,,,S",,
"TZ000063832","TABORA AIRPORT, TZ","-5.083","32.833","1182.0","2010-09",,,,,,,,,,,,,,,,,"18.3","3,,,S"
"TZ000063832","TABORA AIRPORT, TZ","-5.083","32.833","1182.0","2011-08",,,"0","4,S","3","4,S",,,"32.4","4,S,25,+",,,,,"31.1","4,,,S",,
"TZ000063832","TABORA AIRPORT, TZ","-5.083","32.833","1182.0","2012-06",,,,,,,,,,,,,,,,,"15.4","3,,,S"
"TZ000063832","TABORA AIRPORT, TZ","-5.083","32.833","1182.0","2012-10",,,,,,,,,,,,,,,,,"20.0","4,,,S"
"TZ000063832","TABORA AIRPORT, TZ","-5.083","32.833","1182.0","2013-02",,,"0","5,S","1","5,S",,,"32.3","5,S,28,",,,,,"29.7","5,,,S",,
"TZ000063832","TABORA AIRPORT, TZ","-5.083","32.833","1182.0","2013-07",,,,,,,,,,,,,,,,,"13.9","5,,,S"
"TZ000063832","TABORA AIRPORT, TZ","-5.083","32.833","1182.0","2014-05",,,"0","4,S","0","4,S",,,"32.0","4,S,04,",,,,,"30.4","4,,,S",,
"TZ000063832","TABORA AIRPORT, TZ","-5.083","32.833","1182.0","2014-08",,,"0","5,S","4","5,S",,,"33.4","5,S,29,",,,"24.3","7,S","30.8","5,,,S","17.8","3,,,S"
"TZ000063832","TABORA AIRPORT, TZ","-5.083","32.833","1182.0","2014-12","14","5,S",,,,,"39.9","5,,S,26,",,,"169.1","5,,,S",,,,,,
"TZ000063832","TABORA AIRPORT, TZ","-5.083","32.833","1182.0","2015-02",,,,,,,,,,,,,,,,,"16.1","3,,,S"
"TZ000063832","TABORA AIRPORT, TZ","-5.083","32.833","1182.0","2015-05",,,,,,,,,,,,,,,,,"16.1","4,,,S"
"TZ000063832","TABORA AIRPORT, TZ","-5.083","32.833","1182.0","2015-11",,,,,,,,,,,,,,,,,"17.9","5,,,S"
"TZ000063832","TABORA AIRPORT, TZ","-5.083","32.833","1182.0","2015-12",,,,,,,,,,,,,,,,,"17.7","1,,,S"
"TZ000063832","TABORA AIRPORT, TZ","-5.083","32.833","1182.0","2016-03",,,,,,,,,,,,,,,,,"17.9","3,,,S"
"TZ000063832","TABORA AIRPORT, TZ","-5.083","32.833","1182.0","2016-05",,,,,,,,,,,,,,,,,"14.1","3,,,S"
"TZ000063832","TABORA AIRPORT, TZ","-5.083","32.833","1182.0","2016-07",,,"0","5,S","0","5,S",,,"31.3","5,S,30,+",,,"20.7","7,S","29.4","5,,,S","12.0","5,,,S"
"TZ000063832","TABORA AIRPORT, TZ","-5.083","32.833","1182.0","2016-08",,,,,,,,,,,,,,,,,"13.9","5,,,S"
"TZ000063832","TABORA AIRPORT, TZ","-5.083","32.833","1182.0","2016-11",,,,,,,,,,,,,,,,,"16.2","3,,,S"
"TZ000063832","TABORA AIRPORT, TZ","-5.083","32.833","1182.0","2016-12",,,,,,,,,,,,,,,,,"18.0","5,,,S"
"TZ000063832","TABORA AIRPORT, TZ","-5.083","32.833","1182.0","2017-01",,,,,,,,,,,,,,,,,"17.4","5,,,S"
"TZ000063832","TABORA AIRPORT, TZ","-5.083","32.833","1182.0","2017-02",,,,,,,,,,,,,,,,,"17.1","2,,,S"
"TZ000063832","TABORA AIRPORT, TZ","-5.083","32.833","1182.0","2017-03",,,,,,,,,,,,,,,,,"16.7","2,,,S"
"TZ000063832","TABORA AIRPORT, TZ","-5.083","32.833","1182.0","2017-07",,,,,,,,,,,,,,,,,"15.4","4,,,S"
"TZ000063832","TABORA AIRPORT, TZ","-5.083","32.833","1182.0","2017-11",,,,,,,,,,,,,,,,,"19.2","4,,,S"
"TZ000063832","TABORA AIRPORT, TZ","-5.083","32.833","1182.0","2018-01","16","3,S",,,,,"99.3","3,,S,28,+",,,"794.6","3,,,S",,,,,,
"TZ000063832","TABORA AIRPORT, TZ","-5.083","32.833","1182.0","2018-02",,,,,,,,,,,,,,,,,"18.1","3,,,S"
"TZ000063832","TABORA AIRPORT, TZ","-5.083","32.833","1182.0","2018-05",,,,,,,,,,,,,,,,,"16.2","4,,,S"
"TZ000063832","TABORA AIRPORT, TZ","-5.083","32.833","1182.0","2018-07",,,,,,,,,,,,,,,,,"14.1","3,,,S"
"TZ000063832","TABORA AIRPORT, TZ","-5.083","32.833","1182.0","2018-08",,,,,,,,,,,,,,,,,"16.2","4,,,S"
"TZ000063832","TABORA AIRPORT, TZ","-5.083","32.833","1182.0","2019-01",,,,,,,,,,,,,,,,,"17.7","5,,,S"
"TZ000063832","TABORA AIRPORT, TZ","-5.083","32.833","1182.0","2019-08",,,,,,,,,,,,,,,,,"16.3","1,,,S"
"TZ000063832","TABORA AIRPORT, TZ","-5.083","32.833","1182.0","2019-10",,,"0","5,S","18","5,S",,,"34.5","5,S,30,",,,"25.8","0,S","32.6","5,,,S","19.0","5,,,S"
"TZ000063832","TABORA AIRPORT, TZ","-5.083","32.833","1182.0","2019-11",,,"0","5,S","11","5,S",,,"35.0","5,S,13,",,,,,"31.1","5,,,S",,
"TZ000063832","TABORA AIRPORT, TZ","-5.083","32.833","1182.0","2020-01","13","5,S","0","4,S","0","4,S","99.1","5,,S,23,","31.5","4,S,05,","314.7","5,,,S",,,"27.9","4,,,S",,
"TZ000063832","TABORA AIRPORT, TZ","-5.083","32.833","1182.0","2020-02",,,,,,,,,,,,,,,,,"18.7","5,,,S"
"TZ000063756","MWANZA, TZ","-2.467","32.917","1140.0","2009-05",,,"0","4,S","0","4,S",,,"30.6","4,S,06,",,,"23.5","8,S","28.1","4,,,S","19.0","5,,,S"
"TZ000063756","MWANZA, TZ","-2.467","32.917","1140.0","2009-12",,,"0","4,S","0","4,S",,,"30.0","4,S,04,",,,,,"27.7","4,,,S",,
"TZ000063756","MWANZA, TZ","-2.467","32.917","1140.0","2010-02",,,"0","3,S","3","3,S",,,"33.5","3,S,03,",,,,,"29.4","3,,,S",,
"TZ000063756","MWANZA, TZ","-2.467","32.917","1140.0","2011-04",,,,,,,,,,,,,,,,,"18.4","5,,,S"
"TZ000063756","MWANZA, TZ","-2.467","32.917","1140.0","2011-06",,,,,,,,,,,,,,,,,"16.8","5,,,S"
"TZ000063756","MWANZA, TZ","-2.467","32.917","1140.0","2011-08",,,,,,,,,,,,,,,,,"17.0","5,,,S"
"TZ000063756","MWANZA, TZ","-2.467","32.917","1140.0","2011-11",,,"0","3,S","0","3,S",,,"31.0","3,S,12,+",,,,,"27.3","3,,,S",,
"TZ000063756","MWANZA, TZ","-2.467","32.917","1140.0","2012-01",,,"0","5,S","0","5,S",,,"31.0","5,S,28,",,,,,"28.8","5,,,S",,
"TZ000063756","MWANZA, TZ","-2.467","32.917","1140.0","2012-12",,,"0","5,S","0","5,S",,,"29.6","5,S,02,+",,,,,"27.1","5,,,S",,
"TZ000063756","MWANZA, TZ","-2.467","32.917","1140.0","2013-05",,,"0","5,S","0","5,S",,,"31.0","5,S,29,+",,,,,"29.3","5,,,S",,
"TZ000063756","MWANZA, TZ","-2.467","32.917","1140.0","2013-06",,,,,,,,,,,,,,,,,"15.9","5,,,S"
"TZ000063756","MWANZA, TZ","-2.467","32.917","1140.0","2013-11",,,"0","3,S","0","3,S",,,"31.8","3,S,18,",,,,,"27.7","3,,,S",,
"TZ000063756","MWANZA, TZ","-2.467","32.917","1140.0","2014-07",,,,,,,,,,,,,,,,,"17.5","5,,,S"
"TZ000063756","MWANZA, TZ","-2.467","32.917","1140.0","2014-09",,,"0","5,S","0","5,S",,,"31.2","5,S,16,",,,,,"28.7","5,,,S",,
"TZ000063756","MWANZA, TZ","-2.467","32.917","1140.0","2014-10",,,,,,,,,,,,,,,,,"19.1","5,,,S"
"TZ000063756","MWANZA, TZ","-2.467","32.917","1140.0","2015-11","13","1,S",,,,,"72.9","1,,S,10,",,,"222.5","1,,,S",,,,,,
"TZ000063756","MWANZA, TZ","-2.467","32.917","1140.0","2016-01",,,"0","4,S","0","4,S",,,"30.6","4,S,03,",,,,,"27.2","4,,,S",,
"TZ000063756","MWANZA, TZ","-2.467","32.917","1140.0","2016-09",,,,,,,,,,,,,,,,,"18.1","5,,,S"
"TZ000063756","MWANZA, TZ","-2.467","32.917","1140.0","2017-01",,,"0","5,S","1","5,S",,,"33.5","5,S,24,",,,,,"30.0","5,,,S",,
"TZ000063756","MWANZA, TZ","-2.467","32.917","1140.0","2019-02",,,"0","4,S","6","4,S",,,"33.6","4,S,12,",,,,,"30.9","4,,,S",,
"TZ000063756","MWANZA, TZ","-2.467","32.917","1140.0","2019-07",,,"0","5,S","0","5,S",,,"31.4","5,S,11,",,,,,"29.5","5,,,S",,
"TZ000063756","MWANZA, TZ","-2.467","32.917","1140.0","2019-08",,,,,,,,,,,,,,,,,"17.3","5,,,S"
"TZ000063756","MWANZA, TZ","-2.467","32.917","1140.0","2019-10","13","4,S",,,,,"39.9","4,,S,29,",,,"188.1","4,,,S",,,,,,
"TZ000063756","MWANZA, TZ","-2.467","32.917","1140.0","2019-11","4","5,S",,,,,"24.9","5,,S,24,",,,"51.2","5,,,S",,,,,,
"TZ000063756","MWANZA, TZ","-2.467","32.917","1140.0","2020-04","10","4,S",,,,,"27.9","4,,S,19,",,,"155.4","4,,,S",,,,,,
"SUM00062805","DAMAZIN, SU","11.786","34.337","482.2","2013-11",,,"0","5,S","25","5,S",,,"38.5","5,S,29,+",,,,,"36.5","5,,,S",,
"TZ000063894","DAR ES SALAAM AIRPORT, TZ","-6.867","39.2","53.0","2009-02",,,,,,,,,,,,,,,,,"24.0","5,,,S"
"TZ000063894","DAR ES SALAAM AIRPORT, TZ","-6.867","39.2","53.0","2009-08",,,"0","4,S","0","4,S",,,"31.9","4,S,10,",,,,,"30.6","4,,,S",,
"TZ000063894","DAR ES SALAAM AIRPORT, TZ","-6.867","39.2","53.0","2009-09",,,"0","5,S","8","5,S",,,"32.6","5,S,29,+",,,"25.5","0,S","31.5","5,,,S","19.4","5,,,S"
"TZ000063894","DAR ES SALAAM AIRPORT, TZ","-6.867","39.2","53.0","2009-10",,,"0","4,S","20","4,S",,,"33.8","4,S,11,",,,,,"32.6","4,,,S",,
"TZ000063894","DAR ES SALAAM AIRPORT, TZ","-6.867","39.2","53.0","2009-11",,,"0","2,S","22","2,S",,,"33.8","2,S,30,+",,,,,"32.7","2,,,S",,
"TZ000063894","DAR ES SALAAM AIRPORT, TZ","-6.867","39.2","53.0","2009-12",,,"0","5,S","24","5,S",,,"34.4","5,S,05,",,,,,"33.2","5,,,S",,
"TZ000063894","DAR ES SALAAM AIRPORT, TZ","-6.867","39.2","53.0","2010-02",,,"0","3,S","23","3,S",,,"35.5","3,S,27,+",,,,,"33.7","3,,,S",,
"TZ000063894","DAR ES SALAAM AIRPORT, TZ","-6.867","39.2","53.0","2011-04","10","5,S",,,,,"172.2","5,,S,18,",,,"290.1","5,,,S",,,,,,
"TZ000063894","DAR ES SALAAM AIRPORT, TZ","-6.867","39.2","53.0","2011-10",,,"0","5,S","14","5,S",,,"33.5","5,S,28,",,,,,"32.0","5,,,S",,
"TZ000063894","DAR ES SALAAM AIRPORT, TZ","-6.867","39.2","53.0","2011-11",,,"0","3,S","17","3,S",,,"34.8","3,S,03,",,,,,"32.3","3,,,S",,
"TZ000063894","DAR ES SALAAM AIRPORT, TZ","-6.867","39.2","53.0","2011-12",,,"0","3,S","19","3,S",,,"35.0","3,S,26,",,,,,"32.4","3,,,S",,
"TZ000063894","DAR ES SALAAM AIRPORT, TZ","-6.867","39.2","53.0","2012-01",,,"0","3,S","17","3,S",,,"33.8","3,S,03,",,,,,"32.4","3,,,S",,
"TZ000063894","DAR ES SALAAM AIRPORT, TZ","-6.867","39.2","53.0","2012-02",,,"0","5,S","24","5,S",,,"35.0","5,S,20,",,,,,"33.4","5,,,S",,
"TZ000063894","DAR ES SALAAM AIRPORT, TZ","-6.867","39.2","53.0","2012-06",,,,,,,,,,,,,,,,,"19.3","5,,,S"
"TZ000063894","DAR ES SALAAM AIRPORT, TZ","-6.867","39.2","53.0","2012-09",,,,,,,,,,,,,,,,,"20.0","4,,,S"
"TZ000063894","DAR ES SALAAM AIRPORT, TZ","-6.867","39.2","53.0","2012-10",,,"0","4,S","21","4,S",,,"33.5","4,S,27,+",,,,,"32.6","4,,,S",,
"TZ000063894","DAR ES SALAAM AIRPORT, TZ","-6.867","39.2","53.0","2013-01",,,"0","5,S","20","5,S",,,"34.0","5,S,30,+",,,,,"32.7","5,,,S",,
"TZ000063894","DAR ES SALAAM AIRPORT, TZ","-6.867","39.2","53.0","2013-03","13","4,S","0","4,S","18","4,S","32.0","4,,S,09,","34.6","4,S,02,","146.3","4,,,S",,,"32.5","4,,,S",,
"TZ000063894","DAR ES SALAAM AIRPORT, TZ","-6.867","39.2","53.0","2013-05",,,"0","4,S","2","4,S",,,"32.5","4,S,25,+",,,,,"31.2","4,,,S",,
"TZ000063894","DAR ES SALAAM AIRPORT, TZ","-6.867","39.2","53.0","2013-11",,,"0","4,S","20","4,S",,,"34.5","4,S,24,",,,,,"32.8","4,,,S",,
"TZ000063894","DAR ES SALAAM AIRPORT, TZ","-6.867","39.2","53.0","2014-02",,,"0","5,S","15","5,S",,,"35.2","5,S,22,",,,,,"32.7","5,,,S",,
"TZ000063894","DAR ES SALAAM AIRPORT, TZ","-6.867","39.2","53.0","2014-04",,,"0","5,S","11","5,S",,,"33.2","5,S,04,",,,,,"31.3","5,,,S",,
"TZ000063894","DAR ES SALAAM AIRPORT, TZ","-6.867","39.2","53.0","2014-06",,,"0","5,S","4","5,S",,,"32.7","5,S,20,",,,,,"31.2","5,,,S",,
"TZ000063894","DAR ES SALAAM AIRPORT, TZ","-6.867","39.2","53.0","2015-02",,,,,,,,,,,,,,,,,"25.2","5,,,S"
"TZ000063894","DAR ES SALAAM AIRPORT, TZ","-6.867","39.2","53.0","2015-05",,,"0","3,S","13","3,S",,,"33.2","3,S,18,+",,,,,"31.1","3,,,S",,
"TZ000063894","DAR ES SALAAM AIRPORT, TZ","-6.867","39.2","53.0","2015-06",,,"0","1,S","6","1,S",,,"33.5","1,S,06,",,,,,"31.6","1,,,S",,
"TZ000063894","DAR ES SALAAM AIRPORT, TZ","-6.867","39.2","53.0","2017-01",,,"0","5,S","26","5,S",,,"35.5","5,S,07,",,,,,"33.7","5,,,S",,
"TZ000063894","DAR ES SALAAM AIRPORT, TZ","-6.867","39.2","53.0","2017-02",,,"0","3,S","23","3,S",,,"35.1","3,S,13,",,,,,"33.7","3,,,S",,
"TZ000063894","DAR ES SALAAM AIRPORT, TZ","-6.867","39.2","53.0","2017-04","18","2,S",,,,,"444.5","2,,S,20,",,,"662.5","2,,,S",,,,,,
"TZ000063894","DAR ES SALAAM AIRPORT, TZ","-6.867","39.2","53.0","2017-05","16","3,S",,,,,"49.8","3,,S,12,",,,"338.6","3,,,S",,,,,,
"TZ000063894","DAR ES SALAAM AIRPORT, TZ","-6.867","39.2","53.0","2017-11",,,,,,,,,,,,,,,,,"23.5","5,,,S"
"TZ000063894","DAR ES SALAAM AIRPORT, TZ","-6.867","39.2","53.0","2018-10",,,,,,,,,,,,,,,,,"21.5","3,,,S"
"TZ000063894","DAR ES SALAAM AIRPORT, TZ","-6.867","39.2","53.0","2018-12",,,,,,,,,,,,,,,,,"24.5","4,,,S"
"TZ000063894","DAR ES SALAAM AIRPORT, TZ","-6.867","39.2","53.0","2019-08",,,"0","5,S","3","5,S",,,"33.2","5,S,09,+",,,,,"31.2","5,,,S",,
"TZ000063894","DAR ES SALAAM AIRPORT, TZ","-6.867","39.2","53.0","2019-09",,,"0","4,S","10","4,S",,,"32.7","4,S,19,+",,,,,"31.3","4,,,S",,
"TZ000063894","DAR ES SALAAM AIRPORT, TZ","-6.867","39.2","53.0","2020-03",,,"0","3,S","23","3,S",,,"35.0","3,S,01,",,,,,"33.1","3,,,S",,
"TZ000063971","MTWARA, TZ","-10.267","40.183","113.0","2009-06",,,,,,,,,,,,,,,,,"20.5","4,,,S"
"TZ000063971","MTWARA, TZ","-10.267","40.183","113.0","2009-07",,,,,,,,,,,,,,,,,"19.4","5,,,S"
"TZ000063971","MTWARA, TZ","-10.267","40.183","113.0","2009-09",,,"0","4,S","1","4,S",,,"32.3","4,S,13,",,,,,"30.6","4,,,S",,
"TZ000063971","MTWARA, TZ","-10.267","40.183","113.0","2010-02",,,"0","5,S","4","5,S",,,"33.5","5,S,11,",,,,,"31.4","5,,,S",,
"TZ000063971","MTWARA, TZ","-10.267","40.183","113.0","2010-12",,,,,,,,,,,,,,,,,"23.2","5,,,S"
"TZ000063971","MTWARA, TZ","-10.267","40.183","113.0","2011-10",,,"0","5,S","0","5,S",,,"32.0","5,S,23,",,,"25.5","0,S","30.6","5,,,S","20.4","5,,,S"
"TZ000063971","MTWARA, TZ","-10.267","40.183","113.0","2011-11",,,"0","3,S","14","3,S",,,"34.5","3,S,03,",,,,,"32.2","3,,,S",,
"TZ000063971","MTWARA, TZ","-10.267","40.183","113.0","2012-04",,,,,,,,,,,,,,,,,"22.2","5,,,S"
"TZ000063971","MTWARA, TZ","-10.267","40.183","113.0","2012-09",,,,,,,,,,,,,,,,,"18.0","3,,,S"
"TZ000063971","MTWARA, TZ","-10.267","40.183","113.0","2012-10",,,,,,,,,,,,,,,,,"19.8","5,,,S"
"TZ000063971","MTWARA, TZ","-10.267","40.183","113.0","2012-11",,,,,,,,,,,,,,,,,"21.4","5,,,S"
"TZ000063971","MTWARA, TZ","-10.267","40.183","113.0","2013-03",,,,,,,,,,,,,,,,,"22.9","4,,,S"
"TZ000063971","MTWARA, TZ","-10.267","40.183","113.0","2013-05",,,,,,,,,,,,,,,,,"20.5","4,,,S"
"TZ000063971","MTWARA, TZ","-10.267","40.183","113.0","2013-07",,,,,,,,,,,,,,,,,"18.7","3,,,S"
"TZ000063971","MTWARA, TZ","-10.267","40.183","113.0","2013-08",,,,,,,,,,,,,,,,,"17.7","3,,,S"
"TZ000063971","MTWARA, TZ","-10.267","40.183","113.0","2013-09",,,,,,,,,,,,,,,,,"18.7","4,,,S"
"TZ000063971","MTWARA, TZ","-10.267","40.183","113.0","2014-06",,,"0","3,S","0","3,S",,,"31.6","3,S,02,",,,"24.8","4,S","30.0","3,,,S","19.6","1,,,S"
"TZ000063971","MTWARA, TZ","-10.267","40.183","113.0","2014-07",,,,,,,,,,,,,,,,,"18.8","2,,,S"
"TZ000063971","MTWARA, TZ","-10.267","40.183","113.0","2015-02",,,,,,,,,,,,,,,,,"23.5","5,,,S"
"TZ000063971","MTWARA, TZ","-10.267","40.183","113.0","2015-05",,,"0","5,S","3","5,S",,,"32.5","5,S,14,",,,,,"31.0","5,,,S",,
"TZ000063971","MTWARA, TZ","-10.267","40.183","113.0","2015-06",,,"0","4,S","1","4,S",,,"32.5","4,S,05,",,,"24.9","7,S","30.3","4,,,S","19.5","4,,,S"
"TZ000063971","MTWARA, TZ","-10.267","40.183","113.0","2015-07",,,"0","5,S","0","5,S",,,"31.5","5,S,27,",,,,,"30.4","5,,,S",,
"TZ000063971","MTWARA, TZ","-10.267","40.183","113.0","2015-09",,,,,,,,,,,,,,,,,"18.5","5,,,S"
"TZ000063971","MTWARA, TZ","-10.267","40.183","113.0","2016-01",,,"0","4,S","2","4,S",,,"32.3","4,S,15,+",,,,,"31.1","4,,,S",,
"TZ000063971","MTWARA, TZ","-10.267","40.183","113.0","2016-08",,,"0","4,S","0","4,S",,,"31.0","4,S,29,+",,,"24.4","5,S","30.4","4,,,S","18.4","4,,,S"
"TZ000063971","MTWARA, TZ","-10.267","40.183","113.0","2016-09",,,"0","3,S","0","3,S",,,"31.9","3,S,13,",,,"23.8","7,S","30.2","3,,,S","17.3","5,,,S"
"TZ000063971","MTWARA, TZ","-10.267","40.183","113.0","2016-10",,,,,,,,,,,,,,,,,"18.9","2,,,S"
"TZ000063971","MTWARA, TZ","-10.267","40.183","113.0","2016-11",,,"0","5,S","5","5,S",,,"32.5","5,S,30,+",,,,,"31.5","5,,,S",,
"TZ000063971","MTWARA, TZ","-10.267","40.183","113.0","2017-02","15","2,S",,,,,"83.1","2,,S,01,",,,"316.9","2,,,S",,,,,,
"TZ000063971","MTWARA, TZ","-10.267","40.183","113.0","2017-03",,,,,,,,,,,,,,,,,"22.5","4,,,S"
"TZ000063971","MTWARA, TZ","-10.267","40.183","113.0","2017-05",,,"0","5,S","0","5,S",,,"31.7","5,S,30,",,,,,"30.7","5,,,S",,
"TZ000063971","MTWARA, TZ","-10.267","40.183","113.0","2017-11",,,"0","5,S","15","5,S",,,"33.7","5,S,04,",,,,,"32.3","5,,,S",,
"TZ000063971","MTWARA, TZ","-10.267","40.183","113.0","2018-01",,,"0","5,S","0","5,S",,,"31.9","5,S,04,",,,,,"30.0","5,,,S",,
"TZ000063971","MTWARA, TZ","-10.267","40.183","113.0","2018-02",,,"0","4,S","8","4,S",,,"34.7","4,S,20,",,,"27.6","7,S","31.6","4,,,S","23.5","4,,,S"
"TZ000063971","MTWARA, TZ","-10.267","40.183","113.0","2018-05",,,"0","4,S","4","4,S",,,"32.5","4,S,12,",,,,,"31.2","4,,,S",,
"TZ000063971","MTWARA, TZ","-10.267","40.183","113.0","2018-07",,,,,,,,,,,,,,,,,"19.4","5,,,S"
"TZ000063971","MTWARA, TZ","-10.267","40.183","113.0","2018-08",,,"0","4,S","2","4,S",,,"32.3","4,S,29,",,,,,"30.6","4,,,S",,
"TZ000063971","MTWARA, TZ","-10.267","40.183","113.0","2018-10",,,"0","3,S","7","3,S",,,"34.0","3,S,24,",,,,,"31.6","3,,,S",,
"TZ000063971","MTWARA, TZ","-10.267","40.183","113.0","2018-12",,,"0","4,S","15","4,S",,,"34.0","4,S,01,",,,,,"32.2","4,,,S",,
"TZ000063971","MTWARA, TZ","-10.267","40.183","113.0","2019-01",,,"0","5,S","7","5,S",,,"33.5","5,S,01,",,,,,"31.4","5,,,S",,
"TZ000063971","MTWARA, TZ","-10.267","40.183","113.0","2019-03",,,"0","5,S","9","5,S",,,"34.4","5,S,02,",,,,,"31.8","5,,,S",,
"TZ000063971","MTWARA, TZ","-10.267","40.183","113.0","2019-07",,,"0","5,S","0","5,S",,,"32.0","5,S,19,",,,,,"30.2","5,,,S",,
"TZ000063971","MTWARA, TZ","-10.267","40.183","113.0","2019-10",,,,,,,,,,,,,,,,,"21.4","5,,,S"
"TZ000063971","MTWARA, TZ","-10.267","40.183","113.0","2020-04",,,"0","1,S","14","1,S",,,"34.0","1,S,01,",,,,,"32.2","1,,,S",,
"KE000063624","MANDERA, KE","3.933","41.867","231.0","2009-05",,,"0","4,S","27","4,S",,,"38.0","4,S,25,",,,"30.9","6,S","36.2","4,,,S","25.6","5,,,S"
"KE000063624","MANDERA, KE","3.933","41.867","231.0","2009-08",,,"0","2,S","29","2,S",,,"36.4","2,S,22,",,,"29.4","2,S","34.7","2,,,S","24.0","1,,,S"
"KE000063624","MANDERA, KE","3.933","41.867","231.0","2010-06",,,"0","5,S","25","5,S",,,"38.1","5,S,09,",,,"30.0","5,S","35.0","5,,,S","25.1","5,,,S"
"KE000063723","GARISSA, KE","-0.467","39.633","147.0","2009-01",,,"0","4,S","27","4,S",,,"37.4","4,S,11,",,,"29.8","9,S","36.0","4,,,S","23.5","5,,,S"
"KE000063723","GARISSA, KE","-0.467","39.633","147.0","2009-02",,,"0","4,S","24","4,S",,,"38.1","4,S,09,",,,"30.4","6,S","36.8","4,,,S","24.1","3,,,S"
"KE000063723","GARISSA, KE","-0.467","39.633","147.0","2009-03",,,"0","4,S","27","4,S",,,"38.9","4,S,11,",,,"31.3","7,S","37.6","4,,,S","25.1","4,,,S"
"KE000063723","GARISSA, KE","-0.467","39.633","147.0","2009-04",,,"0","3,S","27","3,S",,,"38.9","3,S,04,",,,"31.2","7,S","37.1","3,,,S","25.3","4,,,S"
"KE000063723","GARISSA, KE","-0.467","39.633","147.0","2009-05",,,"0","1,S","30","1,S",,,"37.0","1,S,09,+",,,"30.0","2,S","35.3","1,,,S","24.6","2,,,S"
"KE000063723","GARISSA, KE","-0.467","39.633","147.0","2009-06",,,"0","2,S","25","2,S",,,"35.3","2,S,03,",,,"28.2","6,S","33.2","2,,,S","23.3","4,,,S"
"KE000063723","GARISSA, KE","-0.467","39.633","147.0","2009-07",,,"0","1,S","24","1,S",,,"34.3","1,S,18,+",,,"27.5","4,S","32.9","1,,,S","22.1","3,,,S"
"KE000063723","GARISSA, KE","-0.467","39.633","147.0","2009-08",,,"0","3,S","24","3,S",,,"34.4","3,S,10,",,,"27.8","3,S","33.1","3,,,S","22.5","1,,,S"
"KE000063723","GARISSA, KE","-0.467","39.633","147.0","2009-09",,,"0","3,S","26","3,S",,,"35.9","3,S,17,",,,,,"34.4","3,,,S",,
"KE000063723","GARISSA, KE","-0.467","39.633","147.0","2009-10",,,"0","3,S","26","3,S",,,"36.3","3,S,13,+",,,"29.2","8,S","34.5","3,,,S","23.9","5,,,S"
"KE000063723","GARISSA, KE","-0.467","39.633","147.0","2009-11",,,"0","5,S","24","5,S",,,"37.2","5,S,23,",,,"29.8","5,S","35.3","5,,,S","24.2","3,,,S"
"KE000063723","GARISSA, KE","-0.467","39.633","147.0","2009-12",,,"0","2,S","28","2,S",,,"36.2","2,S,02,",,,,,"34.3","2,,,S",,
"KE000063723","GARISSA, KE","-0.467","39.633","147.0","2010-01",,,"0","3,S","28","3,S",,,"38.4","3,S,28,",,,"30.2","6,S","36.4","3,,,S","24.1","3,,,S"
"KE000063723","GARISSA, KE","-0.467","39.633","147.0","2010-02",,,"0","1,S","27","1,S",,,"38.8","1,S,26,",,,"31.1","5,S","37.2","1,,,S","25.1","4,,,S"
"KE000063723","GARISSA, KE","-0.467","39.633","147.0","2010-03",,,"0","4,S","27","4,S",,,"39.4","4,S,05,",,,,,"36.6","4,,,S",,
"KE000063723","GARISSA, KE","-0.467","39.633","147.0","2010-04",,,"0","4,S","24","4,S",,,"35.7","4,S,13,",,,,,"34.3","4,,,S",,
"KE000063723","GARISSA, KE","-0.467","39.633","147.0","2010-06",,,"0","1,S","25","1,S",,,"35.2","1,S,29,+",,,"28.8","1,S","33.9","1,,,S","23.6",",,,S"
"KE000063723","GARISSA, KE","-0.467","39.633","147.0","2010-09",,,"0","1,S","28","1,S",,,"34.7","1,S,26,+",,,"28.1","3,S","33.9","1,,,S","22.4","2,,,S"
"KE000063723","GARISSA, KE","-0.467","39.633","147.0","2010-11",,,"0","3,S","27","3,S",,,"37.2","3,S,03,",,,,,"35.3","3,,,S",,
"KE000063723","GARISSA, KE","-0.467","39.633","147.0","2010-12",,,"0","5,S","25","5,S",,,"37.2","5,S,13,",,,,,"35.3","5,,,S",,
"KE000063723","GARISSA, KE","-0.467","39.633","147.0","2011-01",,,"0","4,S","26","4,S",,,"38.2","4,S,30,",,,"29.5","6,S","35.7","4,,,S","23.4","2,,,S"
"KE000063723","GARISSA, KE","-0.467","39.633","147.0","2011-02",,,"0","2,S","26","2,S",,,"38.6","2,S,14,",,,"30.3","7,S","36.8","2,,,S","23.8","5,,,S"
"KE000063723","GARISSA, KE","-0.467","39.633","147.0","2011-03",,,"0","4,S","27","4,S",,,"38.7","4,S,31,",,,"31.0","5,S","37.3","4,,,S","24.6","1,,,S"
"KE000063723","GARISSA, KE","-0.467","39.633","147.0","2011-05",,,"0","5,S","26","5,S",,,"37.0","5,S,06,",,,"30.0","8,S","35.2","5,,,S","24.7","3,,,S"
"KE000063723","GARISSA, KE","-0.467","39.633","147.0","2011-06",,,"0","2,S","26","2,S",,,"35.7","2,S,01,",,,,,"33.9","2,,,S",,
"KE000063723","GARISSA, KE","-0.467","39.633","147.0","2011-07",,,,,,,,,,,,,,,,,"22.9","5,,,S"
"KE000063723","GARISSA, KE","-0.467","39.633","147.0","2011-08",,,"0","4,S","26","4,S",,,"34.5","4,S,29,+",,,,,"33.5","4,,,S",,
"KE000063723","GARISSA, KE","-0.467","39.633","147.0","2011-09",,,"0","4,S","26","4,S",,,"36.0","4,S,30,+",,,"28.9","7,S","34.6","4,,,S","23.2","5,,,S"
"KE000063723","GARISSA, KE","-0.467","39.633","147.0","2011-12",,,,,,,,,,,,,,,,,"23.7","3,,,S"
"KE000063723","GARISSA, KE","-0.467","39.633","147.0","2012-01",,,"0","5,S","26","5,S",,,"38.1","5,S,21,",,,"29.6","9,S","36.3","5,,,S","22.9","4,,,S"
"KE000063723","GARISSA, KE","-0.467","39.633","147.0","2012-02",,,,,,,,,,,,,,,,,"23.6","3,,,S"
"KE000063723","GARISSA, KE","-0.467","39.633","147.0","2012-03",,,,,,,,,,,,,,,,,"24.2","5,,,S"
"KE000063723","GARISSA, KE","-0.467","39.633","147.0","2012-04",,,"0","1,S","29","1,S",,,"38.5","1,S,18,+",,,,,"37.3","1,,,S",,
"KE000063723","GARISSA, KE","-0.467","39.633","147.0","2012-06",,,,,,,,,,,,,,,,,"22.9","4,,,S"
"KE000063723","GARISSA, KE","-0.467","39.633","147.0","2012-07",,,,,,,,,,,,,,,,,"22.3","2,,,S"
"KE000063723","GARISSA, KE","-0.467","39.633","147.0","2012-08",,,,,,,,,,,,,,,,,"22.1","5,,,S"
"KE000063723","GARISSA, KE","-0.467","39.633","147.0","2012-10",,,,,,,,,,,,,,,,,"23.9","5,,,S"
"KE000063723","GARISSA, KE","-0.467","39.633","147.0","2013-02",,,,,,,,,,,,,,,,,"24.4","3,,,S"
"KE000063723","GARISSA, KE","-0.467","39.633","147.0","2013-09",,,,,,,,,,,,,,,,,"22.6","4,,,S"
"KE000063723","GARISSA, KE","-0.467","39.633","147.0","2013-12",,,,,,,,,,,,,,,,,"24.5","2,,,S"
"KE000063723","GARISSA, KE","-0.467","39.633","147.0","2018-03",,,,,,,,,,,,,,,,,"23.1","1,,,S"
"KE000063723","GARISSA, KE","-0.467","39.633","147.0","2018-04",,,,,,,,,,,,,,,,,"22.5","2,,,S"
"KE000063723","GARISSA, KE","-0.467","39.633","147.0","2018-05",,,,,,,,,,,,,,,,,"21.8","3,,,S"
"KE000063723","GARISSA, KE","-0.467","39.633","147.0","2018-06",,,,,,,,,,,,,,,,,"21.0","3,,,S"
"KE000063723","GARISSA, KE","-0.467","39.633","147.0","2018-07",,,,,,,,,,,,,,,,,"20.3","1,,,S"
"KE000063723","GARISSA, KE","-0.467","39.633","147.0","2018-10",,,,,,,,,,,,,,,,,"22.4",",,,S"
"KE000063723","GARISSA, KE","-0.467","39.633","147.0","2019-01",,,,,,,,,,,,,,,,,"23.5","2,,,S"
"KE000063723","GARISSA, KE","-0.467","39.633","147.0","2019-02",,,,,,,,,,,,,,,,,"24.0","3,,,S"
"KE000063723","GARISSA, KE","-0.467","39.633","147.0","2019-04",,,,,,,,,,,,,,,,,"26.2","1,,,S"
"KE000063723","GARISSA, KE","-0.467","39.633","147.0","2019-05",,,,,,,,,,,,,,,,,"25.0","1,,,S"
"KE000063723","GARISSA, KE","-0.467","39.633","147.0","2019-06",,,,,,,,,,,,,,,,,"23.7",",,,S"
"KE000063723","GARISSA, KE","-0.467","39.633","147.0","2019-07",,,,,,,,,,,,,,,,,"22.7",",,,S"
"KE000063723","GARISSA, KE","-0.467","39.633","147.0","2019-08",,,,,,,,,,,,,,,,,"22.9","1,,,S"
"KE000063723","GARISSA, KE","-0.467","39.633","147.0","2019-09",,,,,,,,,,,,,,,,,"23.2",",,,S"
"KE000063723","GARISSA, KE","-0.467","39.633","147.0","2019-10",,,,,,,,,,,,,,,,,"24.3","3,,,S"
"KE000063723","GARISSA, KE","-0.467","39.633","147.0","2019-11",,,,,,,,,,,,,,,,,"24.3","3,,,S"
"KE000063723","GARISSA, KE","-0.467","39.633","147.0","2019-12",,,,,,,,,,,,,,,,,"24.3",",,,S"
"KE000063723","GARISSA, KE","-0.467","39.633","147.0","2020-01",,,,,,,,,,,,,,,,,"24.5","4,,,S"
"KE000063723","GARISSA, KE","-0.467","39.633","147.0","2020-02",,,,,,,,,,,,,,,,,"25.3","1,,,S"
"KE000063723","GARISSA, KE","-0.467","39.633","147.0","2020-03",,,,,,,,,,,,,,,,,"26.4","4,,,S"
"KE000063723","GARISSA, KE","-0.467","39.633","147.0","2020-04",,,,,,,,,,,,,,,,,"25.5","2,,,S"
"KE000063820","MOMBASA, KE","-4.033","39.617","55.0","2009-01",,,"0","4,S","21","4,S",,,"35.0","4,S,11,",,,"28.2","8,S","32.9","4,,,S","23.5","4,,,S"
"KE000063820","MOMBASA, KE","-4.033","39.617","55.0","2009-02",,,,,,,,,,,,,,,,,"24.4","2,,,S"
"KE000063820","MOMBASA, KE","-4.033","39.617","55.0","2009-03",,,"0","5,S","22","5,S",,,"33.6","5,S,08,",,,"28.8","5,S","32.7","5,,,S","24.8",",,,S"
"KE000063820","MOMBASA, KE","-4.033","39.617","55.0","2009-05",,,,,,,,,,,,,,,,,"23.6","5,,,S"
"KE000063820","MOMBASA, KE","-4.033","39.617","55.0","2009-08",,,"0","4,S","0","4,S",,,"30.0","4,S,10,",,,,,"28.8","4,,,S",,
"KE000063820","MOMBASA, KE","-4.033","39.617","55.0","2009-09",,,"0","4,S","0","4,S",,,"31.1","4,S,16,",,,"25.9","8,S","29.9","4,,,S","21.9","5,,,S"
"KE000063820","MOMBASA, KE","-4.033","39.617","55.0","2010-02",,,,,,,,,,,,,,,,,"24.9","3,,,S"
"KE000063820","MOMBASA, KE","-4.033","39.617","55.0","2010-03",,,,,,,,,,,,,,,,,"25.4","5,,,S"
"KE000063820","MOMBASA, KE","-4.033","39.617","55.0","2010-11",,,"0","5,S","1","5,S",,,"32.2","5,S,30,",,,,,"30.9","5,,,S",,
"KE000063820","MOMBASA, KE","-4.033","39.617","55.0","2010-12",,,,,,,,,,,,,,,,,"23.9","4,,,S"
"KE000063820","MOMBASA, KE","-4.033","39.617","55.0","2011-04",,,,,,,,,,,,,,,,,"24.8","5,,,S"
"KE000063820","MOMBASA, KE","-4.033","39.617","55.0","2011-05",,,"0","3,S","3","3,S",,,"32.7","3,S,06,",,,,,"30.3","3,,,S",,
"KE000063820","MOMBASA, KE","-4.033","39.617","55.0","2011-08",,,"0","4,S","0","4,S",,,"30.3","4,S,30,",,,,,"28.9","4,,,S",,
"KE000063820","MOMBASA, KE","-4.033","39.617","55.0","2011-11",,,"0","4,S","2","4,S",,,"33.2","4,S,26,",,,,,"31.2","4,,,S",,
"KE000063820","MOMBASA, KE","-4.033","39.617","55.0","2011-12",,,,,,,,,,,,,,,,,"24.3","4,,,S"
"KE000063820","MOMBASA, KE","-4.033","39.617","55.0","2012-01",,,,,,,,,,,,,,,,,"23.8","4,,,S"
"KE000063820","MOMBASA, KE","-4.033","39.617","55.0","2012-02",,,"0","4,S","21","4,S",,,"35.1","4,S,29,",,,,,"32.9","4,,,S",,
"KE000063820","MOMBASA, KE","-4.033","39.617","55.0","2012-03",,,,,,,,,,,,,,,,,"24.2","5,,,S"
"KE000063820","MOMBASA, KE","-4.033","39.617","55.0","2012-05",,,,,,,,,,,,,,,,,"23.4","5,,,S"
"KE000063820","MOMBASA, KE","-4.033","39.617","55.0","2012-07",,,"0","2,S","0","2,S",,,"30.0","2,S,11,+",,,"24.8","4,S","28.8","2,,,S","20.8","2,,,S"
"KE000063820","MOMBASA, KE","-4.033","39.617","55.0","2012-09",,,,,,,,,,,,,,,,,"21.8","3,,,S"
"KE000063820","MOMBASA, KE","-4.033","39.617","55.0","2012-10",,,,,,,,,,,,,,,,,"23.1","4,,,S"
"KE000063820","MOMBASA, KE","-4.033","39.617","55.0","2012-11",,,"0","5,S","1","5,S",,,"32.2","5,S,02,",,,,,"31.0","5,,,S",,
"KE000063820","MOMBASA, KE","-4.033","39.617","55.0","2012-12",,,"0","4,S","20","4,S",,,"34.5","4,S,21,",,,"28.7","8,S","32.8","4,,,S","24.6","5,,,S"
"KE000063820","MOMBASA, KE","-4.033","39.617","55.0","2013-01",,,"0","2,S","27","2,S",,,"35.4","2,S,21,",,,"29.1","5,S","33.6","2,,,S","24.6","3,,,S"
"KE000063820","MOMBASA, KE","-4.033","39.617","55.0","2013-02",,,"0","3,S","21","3,S",,,"34.5","3,S,16,",,,,,"32.9","3,,,S",,
"KE000063820","MOMBASA, KE","-4.033","39.617","55.0","2013-05",,,,,,,,,,,,,,,,,"22.4","5,,,S"
"KE000063820","MOMBASA, KE","-4.033","39.617","55.0","2013-07",,,,,,,,,,,,,,,,,"20.4","3,,,S"
"KE000063820","MOMBASA, KE","-4.033","39.617","55.0","2013-08",,,,,,,,,,,,,,,,,"20.1","2,,,S"
"KE000063820","MOMBASA, KE","-4.033","39.617","55.0","2013-09",,,"0","5,S","0","5,S",,,"31.6","5,S,30,",,,"25.0","6,S","29.0","5,,,S","21.0","1,,,S"
"KE000063820","MOMBASA, KE","-4.033","39.617","55.0","2013-12",,,,,,,,,,,,,,,,,"23.1","1,,,S"
"KE000063820","MOMBASA, KE","-4.033","39.617","55.0","2014-01",,,"0","4,S","21","4,S",,,"34.7","4,S,14,",,,"27.9","6,S","32.7","4,,,S","23.0","2,,,S"
"KE000063820","MOMBASA, KE","-4.033","39.617","55.0","2014-02",,,"0","5,S","18","5,S",,,"35.2","5,S,09,",,,"28.0","9,S","32.7","5,,,S","23.3","5,,,S"
"KE000063820","MOMBASA, KE","-4.033","39.617","55.0","2014-03",,,"0","3,S","24","3,S",,,"34.2","3,S,24,+",,,"28.5","5,S","33.0","3,,,S","24.0","3,,,S"
"KE000063820","MOMBASA, KE","-4.033","39.617","55.0","2014-04",,,,,,,,,,,,,,,,,"24.2","5,,,S"
"KE000063820","MOMBASA, KE","-4.033","39.617","55.0","2014-06",,,,,,,,,,,,,,,,,"21.8","3,,,S"
"KE000063820","MOMBASA, KE","-4.033","39.617","55.0","2014-08",,,,,,,,,,,,,,,,,"20.9","3,,,S"
"KE000063820","MOMBASA, KE","-4.033","39.617","55.0","2014-09",,,,,,,,,,,,,,,,,"21.2","4,,,S"
"KE000063820","MOMBASA, KE","-4.033","39.617","55.0","2014-10",,,,,,,,,,,,,,,,,"22.7","3,,,S"
"KE000063820","MOMBASA, KE","-4.033","39.617","55.0","2014-11",,,,,,,,,,,,,,,,,"23.4","2,,,S"
"KE000063820","MOMBASA, KE","-4.033","39.617","55.0","2015-05",,,,,,,,,,,,,,,,,"23.0","4,,,S"
"KE000063820","MOMBASA, KE","-4.033","39.617","55.0","2015-07",,,,,,,,,,,,,,,,,"21.2","1,,,S"
"KE000063820","MOMBASA, KE","-4.033","39.617","55.0","2015-08",,,,,,,,,,,,,,,,,"20.7","4,,,S"
"KE000063820","MOMBASA, KE","-4.033","39.617","55.0","2015-09",,,,,,,,,,,,,,,,,"21.4","3,,,S"
"KE000063820","MOMBASA, KE","-4.033","39.617","55.0","2015-10",,,,,,,,,,,,,,,,,"23.3",",,,S"
"KE000063820","MOMBASA, KE","-4.033","39.617","55.0","2015-11",,,,,,,,,,,,,,,,,"23.6","2,,,S"
"KE000063820","MOMBASA, KE","-4.033","39.617","55.0","2015-12",,,,,,,,,,,,,,,,,"23.8","2,,,S"
"KE000063820","MOMBASA, KE","-4.033","39.617","55.0","2016-01",,,,,,,,,,,,,,,,,"23.9","5,,,S"
"KE000063820","MOMBASA, KE","-4.033","39.617","55.0","2016-02",,,,,,,,,,,,,,,,,"23.6","1,,,S"
"KE000063820","MOMBASA, KE","-4.033","39.617","55.0","2016-03",,,,,,,,,,,,,,,,,"25.3","4,,,S"
"KE000063820","MOMBASA, KE","-4.033","39.617","55.0","2016-04",,,,,,,,,,,,,,,,,"24.3","3,,,S"
"KE000063820","MOMBASA, KE","-4.033","39.617","55.0","2016-05",,,,,,,,,,,,,,,,,"22.1","1,,,S"
"KE000063820","MOMBASA, KE","-4.033","39.617","55.0","2016-06",,,,,,,,,,,,,,,,,"21.0",",,,S"
"KE000063820","MOMBASA, KE","-4.033","39.617","55.0","2016-07",,,,,,,,,,,,,,,,,"19.7",",,,S"
"KE000063820","MOMBASA, KE","-4.033","39.617","55.0","2016-08",,,,,,,,,,,,,,,,,"20.2","4,,,S"
"KE000063820","MOMBASA, KE","-4.033","39.617","55.0","2016-09",,,,,,,,,,,,,,,,,"20.2","3,,,S"
"KE000063820","MOMBASA, KE","-4.033","39.617","55.0","2016-12",,,,,,,,,,,,,,,,,"24.1","4,,,S"
"KE000063820","MOMBASA, KE","-4.033","39.617","55.0","2017-01",,,,,,,,,,,,,,,,,"24.2","2,,,S"
"KE000063820","MOMBASA, KE","-4.033","39.617","55.0","2017-02",,,,,,,,,,,,,,,,,"24.6","5,,,S"
"KE000063820","MOMBASA, KE","-4.033","39.617","55.0","2017-06",,,,,,,,,,,,,,,,,"22.0","2,,,S"
"KE000063820","MOMBASA, KE","-4.033","39.617","55.0","2017-07",,,,,,,,,,,,,,,,,"21.1","4,,,S"
"KE000063820","MOMBASA, KE","-4.033","39.617","55.0","2017-08",,,,,,,,,,,,,,,,,"21.4","2,,,S"
"KE000063820","MOMBASA, KE","-4.033","39.617","55.0","2017-09",,,,,,,,,,,,,,,,,"21.2","3,,,S"
"KE000063820","MOMBASA, KE","-4.033","39.617","55.0","2017-10",,,,,,,,,,,,,,,,,"22.6","5,,,S"
"KE000063820","MOMBASA, KE","-4.033","39.617","55.0","2017-11",,,,,,,,,,,,,,,,,"23.7","4,,,S"
"KE000063820","MOMBASA, KE","-4.033","39.617","55.0","2017-12",,,,,,,,,,,,,,,,,"23.4","4,,,S"
"KE000063820","MOMBASA, KE","-4.033","39.617","55.0","2018-01",,,,,,,,,,,,,,,,,"22.9","4,,,S"
"KE000063820","MOMBASA, KE","-4.033","39.617","55.0","2018-02",,,,,,,,,,,,,,,,,"23.4","1,,,S"
"KE000063820","MOMBASA, KE","-4.033","39.617","55.0","2018-03",,,,,,,,,,,,,,,,,"23.8","5,,,S"
"KE000063820","MOMBASA, KE","-4.033","39.617","55.0","2018-04",,,,,,,,,,,,,,,,,"23.7","1,,,S"
"KE000063820","MOMBASA, KE","-4.033","39.617","55.0","2018-06",,,,,,,,,,,,,,,,,"21.3","5,,,S"
"KE000063820","MOMBASA, KE","-4.033","39.617","55.0","2018-07",,,,,,,,,,,,,,,,,"20.2",",,,S"
"KE000063820","MOMBASA, KE","-4.033","39.617","55.0","2019-01",,,,,,,,,,,,,,,,,"24.0","2,,,S"
"KE000063820","MOMBASA, KE","-4.033","39.617","55.0","2019-04",,,,,,,,,,,,,,,,,"25.4","3,,,S"
"KE000063820","MOMBASA, KE","-4.033","39.617","55.0","2019-05",,,,,,,,,,,,,,,,,"23.6","5,,,S"
"KE000063820","MOMBASA, KE","-4.033","39.617","55.0","2019-06",,,,,,,,,,,,,,,,,"22.2","5,,,S"
"KE000063820","MOMBASA, KE","-4.033","39.617","55.0","2019-09",,,,,,,,,,,,,,,,,"22.2","4,,,S"
"KE000063820","MOMBASA, KE","-4.033","39.617","55.0","2019-10","20",",S",,,,,"119.1",",,S,17,",,,"536.5",",,,S",,,,,,
"KE000063820","MOMBASA, KE","-4.033","39.617","55.0","2020-01",,,,,,,,,,,,,,,,,"24.9","3,,,S"
"KE000063740","JOMO KENYATTA INTERNATIONAL, KE","-1.317","36.917","1624.0","2009-02",,,"0","4,S","0","4,S",,,"30.6","4,S,22,+",,,"21.0","8,S","28.0","4,,,S","13.9","5,,,S"
"KE000063740","JOMO KENYATTA INTERNATIONAL, KE","-1.317","36.917","1624.0","2009-03",,,,,,,,,,,,,,,,,"14.5","5,,,S"
"KE000063740","JOMO KENYATTA INTERNATIONAL, KE","-1.317","36.917","1624.0","2009-07",,,"0","3,S","0","3,S",,,"27.6","3,S,24,",,,,,"23.6","3,,,S",,
"KE000063740","JOMO KENYATTA INTERNATIONAL, KE","-1.317","36.917","1624.0","2009-08",,,"0","3,S","0","3,S",,,"28.5","3,S,13,",,,"18.2","8,S","23.9","3,,,S","12.6","5,,,S"
"KE000063740","JOMO KENYATTA INTERNATIONAL, KE","-1.317","36.917","1624.0","2009-09",,,,,,,,,,,,,,,,,"13.1","5,,,S"
"KE000063740","JOMO KENYATTA INTERNATIONAL, KE","-1.317","36.917","1624.0","2009-12",,,,,,,,,,,,,,,,,"14.9","5,,,S"
"KE000063740","JOMO KENYATTA INTERNATIONAL, KE","-1.317","36.917","1624.0","2010-01",,,,,,,,,,,,,,,,,"14.2","3,,,S"
"KE000063740","JOMO KENYATTA INTERNATIONAL, KE","-1.317","36.917","1624.0","2010-02",,,"0","4,S","0","4,S",,,"30.2","4,S,02,",,,"21.4","6,S","27.4","4,,,S","15.4","3,,,S"
"KE000063740","JOMO KENYATTA INTERNATIONAL, KE","-1.317","36.917","1624.0","2010-03",,,,,,,,,,,,,,,,,"15.0","3,,,S"
"KE000063740","JOMO KENYATTA INTERNATIONAL, KE","-1.317","36.917","1624.0","2010-06",,,,,,,,,,,,,,,,,"12.4","3,,,S"
"KE000063740","JOMO KENYATTA INTERNATIONAL, KE","-1.317","36.917","1624.0","2011-02",,,,,,,,,,,,,,,,,"13.8","5,,,S"
"KE000063740","JOMO KENYATTA INTERNATIONAL, KE","-1.317","36.917","1624.0","2011-04",,,"0","5,S","0","5,S",,,"29.0","5,S,11,",,,"21.3","7,S","27.3","5,,,S","15.2","3,,,S"
"KE000063740","JOMO KENYATTA INTERNATIONAL, KE","-1.317","36.917","1624.0","2011-09",,,"0","4,S","0","4,S",,,"29.6","4,S,22,",,,,,"25.8","4,,,S",,
"KE000063740","JOMO KENYATTA INTERNATIONAL, KE","-1.317","36.917","1624.0","2012-04","17","3,S",,,,,"73.9","3,,S,25,",,,"273.1","3,,,S",,,,,,
"KE000063740","JOMO KENYATTA INTERNATIONAL, KE","-1.317","36.917","1624.0","2012-08",,,"0","3,S","0","3,S",,,"27.5","3,S,26,+",,,,,"25.0","3,,,S",,
"KE000063740","JOMO KENYATTA INTERNATIONAL, KE","-1.317","36.917","1624.0","2012-09",,,"0","5,S","0","5,S",,,"30.5","5,S,23,",,,,,"26.9","5,,,S",,
"KE000063740","JOMO KENYATTA INTERNATIONAL, KE","-1.317","36.917","1624.0","2012-10",,,,,,,,,,,,,,,,,"14.8","4,,,S"
"KE000063740","JOMO KENYATTA INTERNATIONAL, KE","-1.317","36.917","1624.0","2013-02",,,,,,,,,,,,,,,,,"13.2","2,,,S"
"KE000063740","JOMO KENYATTA INTERNATIONAL, KE","-1.317","36.917","1624.0","2014-04",,,,,,,,,,,,,,,,,"14.9","5,,,S"
"KE000063740","JOMO KENYATTA INTERNATIONAL, KE","-1.317","36.917","1624.0","2014-06",,,,,,,,,,,,,,,,,"13.6","4,,,S"
"KE000063740","JOMO KENYATTA INTERNATIONAL, KE","-1.317","36.917","1624.0","2014-08",,,,,,,,,,,,,,,,,"12.1","4,,,S"
"KE000063740","JOMO KENYATTA INTERNATIONAL, KE","-1.317","36.917","1624.0","2014-11",,,"0","3,S","0","3,S",,,"29.5","3,S,29,",,,,,"26.5","3,,,S",,
"KE000063740","JOMO KENYATTA INTERNATIONAL, KE","-1.317","36.917","1624.0","2015-02",,,"0","5,S","0","5,S",,,"31.5","5,S,14,+",,,"22.2","9,S","30.0","5,,,S","14.5","5,,,S"
"KE000063740","JOMO KENYATTA INTERNATIONAL, KE","-1.317","36.917","1624.0","2015-03",,,"0","2,S","0","2,S",,,"31.5","2,S,07,",,,,,"29.3","2,,,S",,
"KE000063740","JOMO KENYATTA INTERNATIONAL, KE","-1.317","36.917","1624.0","2015-10",,,"0","5,S","0","5,S",,,"30.2","5,S,21,+",,,"21.7","6,S","28.1","5,,,S","15.2","1,,,S"
"KE000063740","JOMO KENYATTA INTERNATIONAL, KE","-1.317","36.917","1624.0","2015-12",,,"0","4,S","0","4,S",,,"28.8","4,S,12,",,,"20.8","5,S","26.1","4,,,S","15.5","2,,,S"
"KE000063740","JOMO KENYATTA INTERNATIONAL, KE","-1.317","36.917","1624.0","2016-09",,,,,,,,,,,,,,,,,"12.5","5,,,S"
"KE000063740","JOMO KENYATTA INTERNATIONAL, KE","-1.317","36.917","1624.0","2017-01",,,,,,,,,,,,,,,,,"13.5","2,,,S"
"KE000063740","JOMO KENYATTA INTERNATIONAL, KE","-1.317","36.917","1624.0","2017-04",,,,,,,,,,,,,,,,,"15.9","5,,,S"
"KE000063740","JOMO KENYATTA INTERNATIONAL, KE","-1.317","36.917","1624.0","2017-07",,,,,,,,,,,,,,,,,"12.6","5,,,S"
"KE000063740","JOMO KENYATTA INTERNATIONAL, KE","-1.317","36.917","1624.0","2018-01",,,,,,,,,,,,,,,,,"14.3","2,,,S"
"KE000063740","JOMO KENYATTA INTERNATIONAL, KE","-1.317","36.917","1624.0","2018-02",,,,,,,,,,,,,,,,,"14.9","1,,,S"
"KE000063740","JOMO KENYATTA INTERNATIONAL, KE","-1.317","36.917","1624.0","2018-04","10","5,S",,,,,"54.1","5,,S,24,",,,"228.9","5,,,S",,,,,,
"KE000063740","JOMO KENYATTA INTERNATIONAL, KE","-1.317","36.917","1624.0","2018-07",,,,,,,,,,,,,,,,,"12.0","5,,,S"
"KE000063740","JOMO KENYATTA INTERNATIONAL, KE","-1.317","36.917","1624.0","2019-07",,,,,,,,,,,,,,,,,"12.5","5,,,S"
"KEM00063799","MALINDI, KE","-3.229","40.102","25.0","2009-04",,,"0","4,S","13","4,S",,,"34.0","4,S,08,",,,"28.9","5,S","32.2","4,,,S","25.6","4,,,S"
"KEM00063799","MALINDI, KE","-3.229","40.102","25.0","2009-05",,,"0","4,S","0","4,S",,,"31.9","4,S,04,",,,"27.2","5,S","29.8","4,,,S","24.5","3,,,S"
"KEM00063799","MALINDI, KE","-3.229","40.102","25.0","2010-09",,,"0","1,S","0","1,S",,,"29.3","1,S,30,",,,"25.4","6,S","28.3","1,,,S","22.6","5,,,S"
"KEM00063799","MALINDI, KE","-3.229","40.102","25.0","2011-06",,,,,,,,,,,,,,,,,"23.9","5,,,S"
"KEM00063799","MALINDI, KE","-3.229","40.102","25.0","2019-08",,,,,,,,,,,,,,,,,"23.2","5,,,S"
"KE000063661","KITALE, KE","1.016","35.0","1875.0","2009-06",,,,,,,,,,,,,,,,,"10.7","5,,,S"
"KE000063661","KITALE, KE","1.016","35.0","1875.0","2010-09",,,"0","4,S","0","4,S",,,"27.2","4,S,30,",,,,,"25.8","4,,,S",,
"KE000063661","KITALE, KE","1.016","35.0","1875.0","2010-11",,,"0","1,S","0","1,S",,,"27.9","1,S,24,",,,"19.2","3,S","26.3","1,,,S","12.1","3,,,S"
"KE000063661","KITALE, KE","1.016","35.0","1875.0","2010-12",,,"0","5,S","0","5,S",,,"29.0","5,S,19,+",,,"19.1","5,S","27.2","5,,,S","10.9","2,,,S"
"KE000063661","KITALE, KE","1.016","35.0","1875.0","2011-02",,,"0","3,S","0","3,S",,,"31.7","3,S,26,",,,"20.5","5,S","29.8","3,,,S","11.2","2,,,S"
"KE000063661","KITALE, KE","1.016","35.0","1875.0","2011-04",,,,,,,,,,,,,,,,,"13.0","5,,,S"
"KE000063661","KITALE, KE","1.016","35.0","1875.0","2011-06",,,"0","1,S","0","1,S",,,"28.2","1,S,18,",,,,,"25.5","1,,,S",,
"KE000063661","KITALE, KE","1.016","35.0","1875.0","2011-07",,,,,,,,,,,,,,,,,"12.2","4,,,S"
"KE000063661","KITALE, KE","1.016","35.0","1875.0","2011-08","16","3,S","0","4,S","0","4,S","39.9","3,,S,25,","26.3","4,S,31,+","224.8","3,,,S",,,"24.7","4,,,S",,
"KE000063661","KITALE, KE","1.016","35.0","1875.0","2011-09","8","5,S","0","4,S","0","4,S","45.0","5,,S,01,","28.0","4,S,23,+","144.5","5,,,S","18.6","8,S","25.1","4,,,S","12.1","5,,,S"
"KE000063661","KITALE, KE","1.016","35.0","1875.0","2011-10",,,"0","3,S","0","3,S",,,"27.8","3,S,06,",,,,,"26.0","3,,,S",,
"KE000063661","KITALE, KE","1.016","35.0","1875.0","2011-11","13","4,S","0","4,S","0","4,S","70.1","4,,S,25,","26.8","4,S,11,","250.2","4,,,S","18.9","9,S","24.8","4,,,S","13.1","5,,,S"
"KE000063661","KITALE, KE","1.016","35.0","1875.0","2012-01",,,"0","5,S","0","5,S",,,"30.0","5,S,28,",,,"19.1","0,S","28.6","5,,,S","9.6","5,,,S"
"KE000063661","KITALE, KE","1.016","35.0","1875.0","2012-02",,,"0","5,S","0","5,S",,,"31.8","5,S,25,",,,"20.6","8,S","29.7","5,,,S","11.6","4,,,S"
"KE000063661","KITALE, KE","1.016","35.0","1875.0","2012-03",,,"0","4,S","1","4,S",,,"33.0","4,S,29,",,,,,"30.2","4,,,S",,
"KE000063661","KITALE, KE","1.016","35.0","1875.0","2012-04","16","1,S","0","5,S","0","5,S","49.0","1,,S,19,","30.3","5,S,10,","245.4","1,,,S",,,"26.5","5,,,S",,
"KE000063661","KITALE, KE","1.016","35.0","1875.0","2012-05","18","2,S",,,,,"22.1","2,,S,25,",,,"207.1","2,,,S",,,,,,
"KE000063661","KITALE, KE","1.016","35.0","1875.0","2012-06","9","2,S","0","3,S","0","3,S","18.0","2,,S,26,","26.9","3,S,08,","92.0","2,,,S",,,"25.2","3,,,S",,
"KE000063661","KITALE, KE","1.016","35.0","1875.0","2012-08",,,"0","3,S","0","3,S",,,"27.1","3,S,10,",,,"18.9","7,S","25.3","3,,,S","12.4","5,,,S"
"KE000063661","KITALE, KE","1.016","35.0","1875.0","2012-09","18","3,S","0","5,S","0","5,S","63.0","3,,S,04,","27.8","5,S,01,","250.6","3,,,S",,,"26.0","5,,,S",,
"KE000063661","KITALE, KE","1.016","35.0","1875.0","2012-10","12","1,S","0","5,S","0","5,S","47.0","1,,S,30,","28.1","5,S,01,","146.5","1,,,S",,,"26.4","5,,,S",,
"KE000063661","KITALE, KE","1.016","35.0","1875.0","2012-11",,,"0","4,S","0","4,S",,,"28.2","4,S,24,",,,,,"26.2","4,,,S",,
"KE000063661","KITALE, KE","1.016","35.0","1875.0","2013-01",,,"0","4,S","0","4,S",,,"30.8","4,S,26,",,,,,"28.1","4,,,S",,
"KE000063661","KITALE, KE","1.016","35.0","1875.0","2013-02",,,"0","2,S","0","2,S",,,"31.2","2,S,28,",,,,,"28.6","2,,,S",,
"KE000063661","KITALE, KE","1.016","35.0","1875.0","2013-04","12","3,S",,,,,"39.1","3,,S,28,",,,"206.4","3,,,S",,,,,,
"KE000063661","KITALE, KE","1.016","35.0","1875.0","2013-05",,,"0","2,S","0","2,S",,,"28.7","2,S,23,",,,,,"26.7","2,,,S",,
"KE000063661","KITALE, KE","1.016","35.0","1875.0","2013-07",,,,,,,,,,,,,,,,,"11.6","4,,,S"
"KE000063661","KITALE, KE","1.016","35.0","1875.0","2013-08","13","5,S",,,,,"47.0","5,,S,23,",,,"173.9","5,,,S",,,,,,
"KE000063661","KITALE, KE","1.016","35.0","1875.0","2013-09",,,,,,,,,,,,,,,,,"12.1","5,,,S"
"KE000063661","KITALE, KE","1.016","35.0","1875.0","2013-11",,,"0","5,S","0","5,S",,,"27.6","5,S,13,",,,"19.0","6,S","25.7","5,,,S","12.2","4,,,S"
"KE000063661","KITALE, KE","1.016","35.0","1875.0","2013-12",,,,,,,,,,,,,,,,,"11.7","4,,,S"
"KE000063661","KITALE, KE","1.016","35.0","1875.0","2014-01",,,,,,,,,,,,,,,,,"11.1","4,,,S"
"KE000063661","KITALE, KE","1.016","35.0","1875.0","2014-02",,,,,,,,,,,,,,,,,"11.9","4,,,S"
"KE000063661","KITALE, KE","1.016","35.0","1875.0","2014-03",,,,,,,,,,,,,,,,,"12.6","5,,,S"
"KE000063661","KITALE, KE","1.016","35.0","1875.0","2014-04",,,,,,,,,,,,,,,,,"12.9","2,,,S"
"KE000063661","KITALE, KE","1.016","35.0","1875.0","2014-05","14","3,S",,,,,"23.1","3,,S,08,",,,"135.0","3,,,S",,,,,"14.2","3,,,S"
"KE000063661","KITALE, KE","1.016","35.0","1875.0","2014-06","11","2,S",,,,,"38.1","2,,S,06,",,,"133.9","2,,,S",,,,,,
"KE000063661","KITALE, KE","1.016","35.0","1875.0","2014-07","11","3,S",,,,,"41.9","3,,S,26,",,,"137.4","3,,,S",,,,,,
"KE000063661","KITALE, KE","1.016","35.0","1875.0","2014-08","18",",S",,,,,"23.9",",,S,24,",,,"186.7",",,,S",,,,,,
"KE000063661","KITALE, KE","1.016","35.0","1875.0","2014-09","8","4,S",,,,,"18.0","4,,S,01,",,,"68.9","4,,,S",,,,,"11.9","4,,,S"
"KE000063661","KITALE, KE","1.016","35.0","1875.0","2014-11",,,,,,,,,,,,,,,,,"12.6","2,,,S"
"KE000063661","KITALE, KE","1.016","35.0","1875.0","2015-02",,,,,,,,,,,,,,,,,"12.0","1,,,S"
"KE000063661","KITALE, KE","1.016","35.0","1875.0","2015-03",,,,,,,,,,,,,,,,,"12.5","2,,,S"
"KE000063661","KITALE, KE","1.016","35.0","1875.0","2015-05","14","3,S",,,,,"55.1","3,,S,02,",,,"264.1","3,,,S",,,,,,
"KE000063661","KITALE, KE","1.016","35.0","1875.0","2015-07",,,,,,,,,,,,,,,,,"12.2","1,,,S"
"KE000063661","KITALE, KE","1.016","35.0","1875.0","2015-08",,,,,,,,,,,,,,,,,"12.0","3,,,S"
"KE000063661","KITALE, KE","1.016","35.0","1875.0","2015-10",,,"0","1,S","0","1,S",,,"28.8","1,S,16,+",,,"20.3","1,S","26.8","1,,,S","13.8","1,,,S"
"KE000063661","KITALE, KE","1.016","35.0","1875.0","2015-11","15","3,S","0","1,S","0","1,S","19.1","3,,S,17,+","27.7","1,S,26,","131.9","3,,,S","19.6","2,S","25.4","1,,,S","13.8","2,,,S"
"KE000063661","KITALE, KE","1.016","35.0","1875.0","2015-12",,,"0","2,S","0","2,S",,,"29.3","2,S,31,",,,"19.7","2,S","26.4","2,,,S","13.0","2,,,S"
"KE000063661","KITALE, KE","1.016","35.0","1875.0","2016-02",,,,,,,,,,,,,,,,,"12.6","4,,,S"
"KE000063661","KITALE, KE","1.016","35.0","1875.0","2016-03",,,,,,,,,,,,,,,,,"13.2","4,,,S"
"KE000063661","KITALE, KE","1.016","35.0","1875.0","2016-05",,,,,,,,,,,,,,,,,"13.5","2,,,S"
"KE000063661","KITALE, KE","1.016","35.0","1875.0","2016-06",,,,,,,,,,,,,,,,,"11.7","1,,,S"
"KE000063661","KITALE, KE","1.016","35.0","1875.0","2016-09",,,,,,,,,,,,,,,,,"10.7","5,,,S"
"KE000063661","KITALE, KE","1.016","35.0","1875.0","2016-10",,,,,,,,,,,,,,,,,"11.3","3,,,S"
"KE000063661","KITALE, KE","1.016","35.0","1875.0","2016-12",,,,,,,,,,,,,,,,,"9.8","2,,,S"
"KE000063661","KITALE, KE","1.016","35.0","1875.0","2017-01",,,,,,,,,,,,,,,,,"10.9","1,,,S"
"KE000063661","KITALE, KE","1.016","35.0","1875.0","2017-03",,,,,,,,,,,,,,,,,"13.1","4,,,S"
"KE000063661","KITALE, KE","1.016","35.0","1875.0","2017-04",,,,,,,,,,,,,,,,,"14.2","2,,,S"
"KE000063661","KITALE, KE","1.016","35.0","1875.0","2017-05","17","1,S",,,,,"34.0","1,,S,07,",,,"207.6","1,,,S",,,,,"14.6",",,,S"
"KE000063661","KITALE, KE","1.016","35.0","1875.0","2017-06",,,,,,,,,,,,,,,,,"12.7","1,,,S"
"KE000063661","KITALE, KE","1.016","35.0","1875.0","2017-07",,,,,,,,,,,,,,,,,"13.4","3,,,S"
"KE000063661","KITALE, KE","1.016","35.0","1875.0","2017-08","14","5,S",,,,,"36.1","5,,S,12,",,,"183.3","5,,,S",,,,,"12.8","3,,,S"
"KE000063661","KITALE, KE","1.016","35.0","1875.0","2017-09",,,,,,,,,,,,,,,,,"13.1","1,,,S"
"KE000063661","KITALE, KE","1.016","35.0","1875.0","2017-10",,,,,,,,,,,,,,,,,"13.0",",,,S"
"KE000063661","KITALE, KE","1.016","35.0","1875.0","2017-11",,,,,,,,,,,,,,,,,"12.5",",,,S"
"KE000063661","KITALE, KE","1.016","35.0","1875.0","2017-12",,,,,,,,,,,,,,,,,"11.1","4,,,S"
"KE000063661","KITALE, KE","1.016","35.0","1875.0","2018-01",,,,,,,,,,,,,,,,,"11.2",",,,S"
"KE000063661","KITALE, KE","1.016","35.0","1875.0","2018-02",,,,,,,,,,,,,,,,,"12.0","1,,,S"
"KE000063661","KITALE, KE","1.016","35.0","1875.0","2018-03",,,,,,,,,,,,,,,,,"13.5","1,,,S"
"KE000063661","KITALE, KE","1.016","35.0","1875.0","2018-04","15","1,S",,,,,"62.0","1,,S,14,",,,"318.2","1,,,S",,,,,"14.5","4,,,S"
"KE000063661","KITALE, KE","1.016","35.0","1875.0","2018-05",,,,,,,,,,,,,,,,,"13.8","5,,,S"
"KE000063661","KITALE, KE","1.016","35.0","1875.0","2018-06",,,,,,,,,,,,,,,,,"12.9","5,,,S"
"KE000063661","KITALE, KE","1.016","35.0","1875.0","2018-07","11","2,S",,,,,"27.9","2,,S,16,",,,"126.5","2,,,S",,,,,"12.3","2,,,S"
"KE000063661","KITALE, KE","1.016","35.0","1875.0","2018-10",,,,,,,,,,,,,,,,,"12.6","4,,,S"
"KE000063661","KITALE, KE","1.016","35.0","1875.0","2019-01",,,,,,,,,,,,,,,,,"11.4","1,,,S"
"KE000063661","KITALE, KE","1.016","35.0","1875.0","2019-02",,,,,,,,,,,,,,,,,"12.1","3,,,S"
"KE000063661","KITALE, KE","1.016","35.0","1875.0","2019-04",,,,,,,,,,,,,,,,,"14.0","3,,,S"
"KE000063661","KITALE, KE","1.016","35.0","1875.0","2019-05",,,,,,,,,,,,,,,,,"14.6","3,,,S"
"KE000063661","KITALE, KE","1.016","35.0","1875.0","2019-06","16","1,S",,,,,"39.9","1,,S,30,",,,"188.1","1,,,S",,,,,"14.6","3,,,S"
"KE000063661","KITALE, KE","1.016","35.0","1875.0","2019-07",,,,,,,,,,,,,,,,,"12.9","2,,,S"
"KE000063661","KITALE, KE","1.016","35.0","1875.0","2019-08","14","2,S",,,,,"56.9","2,,S,11,",,,"191.4","2,,,S",,,,,"12.6","4,,,S"
"KE000063661","KITALE, KE","1.016","35.0","1875.0","2019-09","17",",S",,,,,"18.0",",,S,07,",,,"152.1",",,,S",,,,,,
"KE000063661","KITALE, KE","1.016","35.0","1875.0","2019-10","13",",S",,,,,"27.9",",,S,21,",,,"191.2",",,,S",,,,,"13.5","1,,,S"
"KE000063661","KITALE, KE","1.016","35.0","1875.0","2019-11",,,,,,,,,,,,,,,,,"13.3","2,,,S"
"KE000063661","KITALE, KE","1.016","35.0","1875.0","2019-12",,,,,,,,,,,,,,,,,"13.2","4,,,S"
"KE000063661","KITALE, KE","1.016","35.0","1875.0","2020-01",,,,,,,,,,,,,,,,,"13.1","4,,,S"
"KE000063661","KITALE, KE","1.016","35.0","1875.0","2020-02",,,,,,,,,,,,,,,,,"12.8","4,,,S"
"KE000063661","KITALE, KE","1.016","35.0","1875.0","2020-03",,,,,,,,,,,,,,,,,"14.1","1,,,S"
"KE000063661","KITALE, KE","1.016","35.0","1875.0","2020-04",,,,,,,,,,,,,,,,,"14.1","2,,,S"
"ET000063403","GORE, ET","8.15","35.533","2002.0","2013-07","16","4,S",,,,,"49.0","4,,S,25,",,,"255.7","4,,,S",,,,,"13.0","1,,,S"
"ET000063403","GORE, ET","8.15","35.533","2002.0","2013-08","16","5,S",,,,,"13.0","5,,S,28,+",,,"118.6","5,,,S",,,,,"13.2","4,,,S"
"ET000063403","GORE, ET","8.15","35.533","2002.0","2013-09","16","5,S",,,,,"17.0","5,,S,20,",,,"148.2","5,,,S",,,,,,
"ET000063403","GORE, ET","8.15","35.533","2002.0","2013-12",,,,,,,,,,,,,,,,,"13.9","1,,,S"
"ET000063403","GORE, ET","8.15","35.533","2002.0","2014-01",,,,,,,,,,,,,,,,,"14.8","5,,,S"
"ET000063403","GORE, ET","8.15","35.533","2002.0","2014-04","14","5,S",,,,,"59.9","5,,S,02,",,,"270.7","5,,,S",,,,,"14.0","5,,,S"
"ET000063403","GORE, ET","8.15","35.533","2002.0","2014-06","17","3,S",,,,,"45.0","3,,S,06,",,,"300.8","3,,,S",,,,,"13.8","3,,,S"
"ET000063403","GORE, ET","8.15","35.533","2002.0","2014-09","20","1,S",,,,,"39.1","1,,S,30,",,,"239.7","1,,,S",,,,,"13.5","2,,,S"
"ET000063403","GORE, ET","8.15","35.533","2002.0","2016-05","17","5,S",,,,,"52.1","5,,S,17,",,,"342.0","5,,,S",,,,,,
"ET000063403","GORE, ET","8.15","35.533","2002.0","2016-06",,,,,,,,,,,,,,,,,"14.1","5,,,S"
"ET000063403","GORE, ET","8.15","35.533","2002.0","2016-10",,,,,,,,,,,,,,,,,"13.8","5,,,S"
"ET000063403","GORE, ET","8.15","35.533","2002.0","2016-11",,,,,,,,,,,,,,,,,"14.4","4,,,S"
"ET000063403","GORE, ET","8.15","35.533","2002.0","2019-01",,,,,,,,,,,,,,,,,"15.0",",,,S"
"ET000063402","JIMMA, ET","7.667","36.833","1725.0","2009-10",,,,,,,,,,,,,,,,,"13.0","4,,,S"
"ET000063402","JIMMA, ET","7.667","36.833","1725.0","2010-06","17","4,S",,,,,"74.9","4,,S,10,",,,"354.7","4,,,S",,,,,,
"ET000063402","JIMMA, ET","7.667","36.833","1725.0","2010-07","14","5,S",,,,,"38.1","5,,S,24,",,,"157.9","5,,,S",,,,,"14.9","5,,,S"
"ET000063402","JIMMA, ET","7.667","36.833","1725.0","2013-07","15","5,S",,,,,"24.9","5,,S,22,",,,"135.6","5,,,S",,,,,,
"ET000063402","JIMMA, ET","7.667","36.833","1725.0","2014-09","11","4,S",,,,,"27.9","4,,S,08,",,,"100.7","4,,,S",,,,,"14.0","3,,,S"
"ET000063402","JIMMA, ET","7.667","36.833","1725.0","2014-10","13","4,S","0","5,S","0","5,S","38.1","4,,S,05,","28.6","5,S,27,","257.5","4,,,S","20.2","7,S","27.2","5,,,S","13.1","2,,,S"
"ET000063402","JIMMA, ET","7.667","36.833","1725.0","2015-08","15","5,S",,,,,"26.9","5,,S,17,",,,"168.3","5,,,S",,,,,,
"ET000063402","JIMMA, ET","7.667","36.833","1725.0","2016-05","15","4,S","0","3,S","0","3,S","65.0","4,,S,10,","31.2","3,S,16,","244.3","4,,,S","21.6","7,S","28.1","3,,,S","15.1","4,,,S"
"ET000063402","JIMMA, ET","7.667","36.833","1725.0","2016-06","14","5,S","0","4,S","0","4,S","23.9","5,,S,16,","30.0","4,S,13,","144.6","5,,,S","20.3","6,S","26.8","4,,,S","13.9","5,,,S"
"ET000063402","JIMMA, ET","7.667","36.833","1725.0","2016-10",,,"0","1,S","0","1,S",,,"29.4","1,S,08,",,,"20.6","3,S","27.8","1,,,S","13.4","2,,,S"
"ET000063402","JIMMA, ET","7.667","36.833","1725.0","2016-11",,,"0","4,S","0","4,S",,,"31.0","4,S,22,",,,"18.3","5,S","27.9","4,,,S","8.6","4,,,S"
"ET000063402","JIMMA, ET","7.667","36.833","1725.0","2017-05","14","5,S",,,,,"53.1","5,,S,15,",,,"175.4","5,,,S",,,,,,
"ET000063402","JIMMA, ET","7.667","36.833","1725.0","2018-04",,,,,,,,,,,,,,,,,"13.0","5,,,S"
"ET000063402","JIMMA, ET","7.667","36.833","1725.0","2018-12",,,,,,,,,,,,,,,,,"8.5","4,,,S"
"ET000063402","JIMMA, ET","7.667","36.833","1725.0","2019-01",,,"0","2,S","0","2,S",,,"31.8","2,S,28,",,,,,"30.0","2,,,S",,
"SU000062650","DONGOLA, SU","19.167","30.483","226.0","2009-04",,,"0","5,S","25","5,S",,,"47.0","5,S,21,",,,,,"42.3","5,,,S",,
"SU000062650","DONGOLA, SU","19.167","30.483","226.0","2009-07",,,"0","5,S","26","5,S",,,"46.8","5,S,01,",,,,,"44.4","5,,,S",,
"SU000062650","DONGOLA, SU","19.167","30.483","226.0","2013-11",,,"0","2,S","20","2,S",,,"37.8","2,S,28,",,,"25.4","3,S","33.9","2,,,S","16.8","2,,,S"
"SU000062771","EL OBEID, SU","13.167","30.233","574.0","2009-05",,,"0","5,S","26","5,S",,,"45.3","5,S,20,",,,,,"39.8","5,,,S",,
"SU000062771","EL OBEID, SU","13.167","30.233","574.0","2013-11",,,"0","5,S","23","5,S",,,"38.0","5,S,08,",,,,,"35.2","5,,,S",,
"SU000062730","KASSALA, SU","15.467","36.4","500.0","2013-11",,,"0","3,S","27","3,S",,,"40.5","3,S,05,",,,"30.0","3,S","37.9","3,,,S","22.1","3,,,S"
"SU000062752","GEDAREF, SU","14.033","35.4","599.0","2013-11",,,"0","5,S","25","5,S",,,"40.0","5,S,29,+",,,,,"38.5","5,,,S",,
"SUM00062750","ED DUEIM, SU","14.0","32.333","378.0","2013-11",,,"0","4,S","25","4,S",,,"39.6","4,S,08,+",,,,,"36.4","4,,,S",,
"TZ000063962","SONGEA, TZ","-10.667","35.583","1036.0","2009-02","13","5,S",,,,,"54.1","5,,S,01,",,,"210.4","5,,,S",,,,,"18.3","5,,,S"
"TZ000063962","SONGEA, TZ","-10.667","35.583","1036.0","2009-03",,,,,,,,,,,,,,,,,"18.1","4,,,S"
"TZ000063962","SONGEA, TZ","-10.667","35.583","1036.0","2009-06",,,"0","4,S","0","4,S",,,"28.0","4,S,01,",,,,,"25.7","4,,,S",,
"TZ000063962","SONGEA, TZ","-10.667","35.583","1036.0","2009-09",,,"0","4,S","0","4,S",,,"31.0","4,S,23,",,,,,"28.9","4,,,S",,
"TZ000063962","SONGEA, TZ","-10.667","35.583","1036.0","2009-12",,,"0","2,S","2","2,S",,,"32.5","2,S,12,+",,,"23.9","7,S","28.8","2,,,S","19.1","5,,,S"
"TZ000063962","SONGEA, TZ","-10.667","35.583","1036.0","2010-02",,,"0","2,S","0","2,S",,,"30.3","2,S,01,",,,,,"28.3","2,,,S",,
"TZ000063962","SONGEA, TZ","-10.667","35.583","1036.0","2010-11",,,"0","4,S","13","4,S",,,"34.0","4,S,29,",,,,,"31.8","4,,,S",,
"TZ000063962","SONGEA, TZ","-10.667","35.583","1036.0","2011-06",,,,,,,,,,,,,,,,,"12.9","5,,,S"
"TZ000063962","SONGEA, TZ","-10.667","35.583","1036.0","2011-08",,,"0","5,S","0","5,S",,,"28.0","5,S,25,",,,,,"25.5","5,,,S",,
"TZ000063962","SONGEA, TZ","-10.667","35.583","1036.0","2011-09",,,,,,,,,,,,,,,,,"14.9","4,,,S"
"TZ000063962","SONGEA, TZ","-10.667","35.583","1036.0","2011-10",,,,,,,,,,,,,,,,,"17.4","4,,,S"
"TZ000063962","SONGEA, TZ","-10.667","35.583","1036.0","2011-11",,,"0","3,S","8","3,S",,,"33.4","3,S,25,+",,,"25.3","6,S","31.4","3,,,S","19.1","5,,,S"
"TZ000063962","SONGEA, TZ","-10.667","35.583","1036.0","2011-12",,,"0","5,S","1","5,S",,,"32.2","5,S,03,",,,,,"29.0","5,,,S",,
"TZ000063962","SONGEA, TZ","-10.667","35.583","1036.0","2012-02",,,"0","5,S","0","5,S",,,"30.5","5,S,03,",,,"22.9","9,S","28.3","5,,,S","17.6","4,,,S"
"TZ000063962","SONGEA, TZ","-10.667","35.583","1036.0","2012-05",,,"0","5,S","0","5,S",,,"28.8","5,S,21,",,,,,"25.7","5,,,S",,
"TZ000063962","SONGEA, TZ","-10.667","35.583","1036.0","2012-08",,,,,,,,,,,,,,,,,"12.4","3,,,S"
"TZ000063962","SONGEA, TZ","-10.667","35.583","1036.0","2012-09",,,,,,,,,,,,,,,,,"14.3","3,,,S"
"TZ000063962","SONGEA, TZ","-10.667","35.583","1036.0","2012-10",,,,,,,,,,,,,,,,,"16.3","1,,,S"
"TZ000063962","SONGEA, TZ","-10.667","35.583","1036.0","2012-11",,,,,,,,,,,,,,,,,"17.0","2,,,S"
"TZ000063962","SONGEA, TZ","-10.667","35.583","1036.0","2012-12",,,,,,,,,,,,,,,,,"17.4","4,,,S"
"TZ000063962","SONGEA, TZ","-10.667","35.583","1036.0","2013-03",,,,,,,,,,,,,,,,,"16.3","5,,,S"
"TZ000063962","SONGEA, TZ","-10.667","35.583","1036.0","2013-04",,,,,,,,,,,,,,,,,"14.4","2,,,S"
"TZ000063962","SONGEA, TZ","-10.667","35.583","1036.0","2013-05",,,,,,,,,,,,,,,,,"12.1","3,,,S"
"TZ000063962","SONGEA, TZ","-10.667","35.583","1036.0","2013-07",,,,,,,,,,,,,,,,,"9.1","2,,,S"
"TZ000063962","SONGEA, TZ","-10.667","35.583","1036.0","2013-08",,,"0","5,S","0","5,S",,,"28.8","5,S,19,+",,,"18.5","7,S","25.5","5,,,S","11.4","2,,,S"
"TZ000063962","SONGEA, TZ","-10.667","35.583","1036.0","2013-09",,,,,,,,,,,,,,,,,"13.6","3,,,S"
"TZ000063962","SONGEA, TZ","-10.667","35.583","1036.0","2013-10",,,,,,,,,,,,,,,,,"15.8","4,,,S"
"TZ000063962","SONGEA, TZ","-10.667","35.583","1036.0","2013-11",,,,,,,,,,,,,,,,,"17.2","1,,,S"
"TZ000063962","SONGEA, TZ","-10.667","35.583","1036.0","2013-12",,,,,,,,,,,,,,,,,"17.0","4,,,S"
"TZ000063962","SONGEA, TZ","-10.667","35.583","1036.0","2014-01",,,,,,,,,,,,,,,,,"16.6","5,,,S"
"TZ000063962","SONGEA, TZ","-10.667","35.583","1036.0","2014-02",,,,,,,,,,,,,,,,,"16.2","2,,,S"
"TZ000063962","SONGEA, TZ","-10.667","35.583","1036.0","2014-03",,,,,,,,,,,,,,,,,"15.5","3,,,S"
"TZ000063962","SONGEA, TZ","-10.667","35.583","1036.0","2014-05",,,,,,,,,,,,,,,,,"11.5","4,,,S"
"TZ000063962","SONGEA, TZ","-10.667","35.583","1036.0","2014-06",,,,,,,,,,,,,,,,,"9.7","1,,,S"
"TZ000063962","SONGEA, TZ","-10.667","35.583","1036.0","2014-07",,,,,,,,,,,,,,,,,"9.1","2,,,S"
"TZ000063962","SONGEA, TZ","-10.667","35.583","1036.0","2014-08",,,,,,,,,,,,,,,,,"10.5","2,,,S"
"TZ000063962","SONGEA, TZ","-10.667","35.583","1036.0","2014-10",,,,,,,,,,,,,,,,,"14.2",",,,S"
"TZ000063962","SONGEA, TZ","-10.667","35.583","1036.0","2015-02",,,,,,,,,,,,,,,,,"15.1","1,,,S"
"TZ000063962","SONGEA, TZ","-10.667","35.583","1036.0","2015-03",,,,,,,,,,,,,,,,,"14.4",",,,S"
"TZ000063962","SONGEA, TZ","-10.667","35.583","1036.0","2015-05",,,"0","5,S","0","5,S",,,"30.4","5,S,31,",,,"18.5","7,S","26.6","5,,,S","10.5","3,,,S"
"TZ000063962","SONGEA, TZ","-10.667","35.583","1036.0","2015-06",,,,,,,,,,,,,,,,,"7.8","2,,,S"
"TZ000063962","SONGEA, TZ","-10.667","35.583","1036.0","2015-07",,,,,,,,,,,,,,,,,"8.3","4,,,S"
"TZ000063962","SONGEA, TZ","-10.667","35.583","1036.0","2015-08",,,,,,,,,,,,,,,,,"9.0","2,,,S"
"TZ000063962","SONGEA, TZ","-10.667","35.583","1036.0","2015-09",,,,,,,,,,,,,,,,,"11.3","5,,,S"
"TZ000063962","SONGEA, TZ","-10.667","35.583","1036.0","2015-10",,,"0","1,S","1","1,S",,,"32.3","1,S,14,",,,"22.5","1,S","30.7","1,,,S","14.2",",,,S"
"TZ000063962","SONGEA, TZ","-10.667","35.583","1036.0","2015-11",,,,,,,,,,,,,,,,,"14.6","3,,,S"
"TZ000063962","SONGEA, TZ","-10.667","35.583","1036.0","2015-12",,,,,,,,,,,,,,,,,"14.7","1,,,S"
"TZ000063962","SONGEA, TZ","-10.667","35.583","1036.0","2016-01","15","5,S","0","5,S","0","5,S","45.0","5,,S,30,","30.7","5,S,08,","251.1","5,,,S","20.9","7,S","27.4","5,,,S","14.5","2,,,S"
"TZ000063962","SONGEA, TZ","-10.667","35.583","1036.0","2016-02",,,,,,,,,,,,,,,,,"14.0","3,,,S"
"TZ000063962","SONGEA, TZ","-10.667","35.583","1036.0","2016-03",,,"0","5,S","0","5,S",,,"31.0","5,S,30,+",,,,,"29.4","5,,,S",,
"TZ000063962","SONGEA, TZ","-10.667","35.583","1036.0","2016-05",,,,,,,,,,,,,,,,,"12.7","5,,,S"
"TZ000063962","SONGEA, TZ","-10.667","35.583","1036.0","2016-09",,,,,,,,,,,,,,,,,"14.5","5,,,S"
"TZ000063962","SONGEA, TZ","-10.667","35.583","1036.0","2016-10",,,,,,,,,,,,,,,,,"16.5","4,,,S"
"TZ000063962","SONGEA, TZ","-10.667","35.583","1036.0","2016-11",,,"0","5,S","9","5,S",,,"33.2","5,S,11,",,,"25.1","9,S","31.6","5,,,S","18.6","5,,,S"
"TZ000063962","SONGEA, TZ","-10.667","35.583","1036.0","2016-12",,,"0","4,S","1","4,S",,,"33.0","4,S,15,",,,"24.3","7,S","29.7","4,,,S","18.8","3,,,S"
"TZ000063962","SONGEA, TZ","-10.667","35.583","1036.0","2017-01",,,,,,,,,,,,,,,,,"18.3","4,,,S"
"TZ000063962","SONGEA, TZ","-10.667","35.583","1036.0","2017-02",,,,,,,,,,,,,,,,,"17.7","4,,,S"
"TZ000063962","SONGEA, TZ","-10.667","35.583","1036.0","2017-03",,,"0","3,S","0","3,S",,,"31.3","3,S,05,",,,"22.4","7,S","27.4","3,,,S","17.5","4,,,S"
"TZ000063962","SONGEA, TZ","-10.667","35.583","1036.0","2017-04",,,,,,,,,,,,,,,,,"16.4","5,,,S"
"TZ000063962","SONGEA, TZ","-10.667","35.583","1036.0","2017-05",,,"0","5,S","0","5,S",,,"27.6","5,S,17,",,,,,"26.0","5,,,S",,
"TZ000063962","SONGEA, TZ","-10.667","35.583","1036.0","2017-06",,,,,,,,,,,,,,,,,"11.0","1,,,S"
"TZ000063962","SONGEA, TZ","-10.667","35.583","1036.0","2017-08",,,,,,,,,,,,,,,,,"12.1","2,,,S"
"TZ000063962","SONGEA, TZ","-10.667","35.583","1036.0","2017-09",,,,,,,,,,,,,,,,,"13.4","2,,,S"
"TZ000063962","SONGEA, TZ","-10.667","35.583","1036.0","2017-10",,,,,,,,,,,,,,,,,"16.7","5,,,S"
"TZ000063962","SONGEA, TZ","-10.667","35.583","1036.0","2017-11",,,,,,,,,,,,,,,,,"17.9","2,,,S"
"TZ000063962","SONGEA, TZ","-10.667","35.583","1036.0","2018-01","17","1,S",,,,,"41.9","1,,S,17,",,,"263.3","1,,,S",,,,,"16.9","5,,,S"
"TZ000063962","SONGEA, TZ","-10.667","35.583","1036.0","2018-02",,,,,,,,,,,,,,,,,"16.6","2,,,S"
"TZ000063962","SONGEA, TZ","-10.667","35.583","1036.0","2018-03",,,,,,,,,,,,,,,,,"16.6","5,,,S"
"TZ000063962","SONGEA, TZ","-10.667","35.583","1036.0","2018-04",,,,,,,,,,,,,,,,,"14.9","3,,,S"
"TZ000063962","SONGEA, TZ","-10.667","35.583","1036.0","2018-05",,,,,,,,,,,,,,,,,"12.6","3,,,S"
"TZ000063962","SONGEA, TZ","-10.667","35.583","1036.0","2018-07",,,,,,,,,,,,,,,,,"10.4","2,,,S"
"TZ000063962","SONGEA, TZ","-10.667","35.583","1036.0","2018-08",,,,,,,,,,,,,,,,,"11.0","4,,,S"
"TZ000063962","SONGEA, TZ","-10.667","35.583","1036.0","2019-09",,,"0","5,S","0","5,S",,,"30.1","5,S,29,+",,,,,"28.3","5,,,S",,
"KE000063612","LODWAR, KE","3.117","35.617","515.0","2009-05",,,,,,,,,,,,,,,,,"25.6","5,,,S"
"KE000063612","LODWAR, KE","3.117","35.617","515.0","2010-01",,,,,,,,,,,,,,,,,"22.1","5,,,S"
"KE000063612","LODWAR, KE","3.117","35.617","515.0","2010-09",,,"0","5,S","25","5,S",,,"36.7","5,S,09,",,,,,"35.6","5,,,S",,
"KE000063612","LODWAR, KE","3.117","35.617","515.0","2010-12",,,,,,,,,,,,,,,,,"20.5","4,,,S"
"KE000063612","LODWAR, KE","3.117","35.617","515.0","2011-02",,,,,,,,,,,,,,,,,"20.9","5,,,S"
"KE000063612","LODWAR, KE","3.117","35.617","515.0","2011-03",,,"0","4,S","26","4,S",,,"39.0","4,S,04,+",,,"30.4","8,S","37.4","4,,,S","23.5","4,,,S"
"KE000063612","LODWAR, KE","3.117","35.617","515.0","2011-04",,,"0","3,S","26","3,S",,,"38.5","3,S,11,",,,"30.7","7,S","36.9","3,,,S","24.4","4,,,S"
"KE000063612","LODWAR, KE","3.117","35.617","515.0","2011-05",,,,,,,,,,,,,,,,,"25.6","3,,,S"
"KE000063612","LODWAR, KE","3.117","35.617","515.0","2011-06",,,"0","3,S","27","3,S",,,"37.1","3,S,09,",,,,,"35.2","3,,,S",,
"KE000063612","LODWAR, KE","3.117","35.617","515.0","2011-07",,,"0","4,S","27","4,S",,,"36.5","4,S,02,",,,,,"35.0","4,,,S",,
"KE000063612","LODWAR, KE","3.117","35.617","515.0","2011-12",,,"0","3,S","26","3,S",,,"36.6","3,S,28,+",,,,,"34.8","3,,,S",,
"KE000063612","LODWAR, KE","3.117","35.617","515.0","2012-01",,,"0","2,S","29","2,S",,,"38.2","2,S,27,",,,"28.3","6,S","36.8","2,,,S","19.9","5,,,S"
"KE000063612","LODWAR, KE","3.117","35.617","515.0","2012-02",,,"0","3,S","26","3,S",,,"39.2","3,S,19,",,,,,"37.4","3,,,S",,
"KE000063612","LODWAR, KE","3.117","35.617","515.0","2012-03",,,,,,,,,,,,,,,,,"22.6","5,,,S"
"KE000063612","LODWAR, KE","3.117","35.617","515.0","2012-07",,,"0","4,S","22","4,S",,,"35.0","4,S,27,+",,,,,"33.6","4,,,S",,
"KE000063612","LODWAR, KE","3.117","35.617","515.0","2012-12",,,"0","5,S","23","5,S",,,"37.5","5,S,11,",,,,,"35.1","5,,,S",,
"KE000063612","LODWAR, KE","3.117","35.617","515.0","2013-01",,,"0","2,S","27","2,S",,,"38.1","2,S,29,",,,,,"36.3","2,,,S",,
"KE000063612","LODWAR, KE","3.117","35.617","515.0","2013-04",,,"0","5,S","23","5,S",,,"37.4","5,S,25,",,,,,"34.4","5,,,S",,
"KE000063612","LODWAR, KE","3.117","35.617","515.0","2013-05",,,"0","2,S","28","2,S",,,"36.5","2,S,26,",,,,,"35.1","2,,,S",,
"KE000063612","LODWAR, KE","3.117","35.617","515.0","2013-08",,,"0","1,S","27","1,S",,,"36.1","1,S,15,",,,,,"34.1","1,,,S",,
"KE000063612","LODWAR, KE","3.117","35.617","515.0","2013-12",,,"0","4,S","25","4,S",,,"37.0","4,S,08,",,,,,"35.8","4,,,S",,
"KE000063612","LODWAR, KE","3.117","35.617","515.0","2014-01",,,"0","5,S","26","5,S",,,"37.7","5,S,09,",,,"28.7","9,S","37.0","5,,,S","20.4","5,,,S"
"KE000063612","LODWAR, KE","3.117","35.617","515.0","2014-03",,,"0","3,S","26","3,S",,,"39.5","3,S,04,",,,,,"36.9","3,,,S",,
"KE000063612","LODWAR, KE","3.117","35.617","515.0","2014-11",,,"0","5,S","24","5,S",,,"37.3","5,S,01,",,,,,"35.8","5,,,S",,
"KE000063612","LODWAR, KE","3.117","35.617","515.0","2015-02",,,"0","4,S","24","4,S",,,"39.7","4,S,13,",,,,,"38.3","4,,,S",,
"KE000063612","LODWAR, KE","3.117","35.617","515.0","2015-07",,,,,,,,,,,,,,,,,"25.3","5,,,S"
"KE000063612","LODWAR, KE","3.117","35.617","515.0","2015-08",,,,,,,,,,,,,,,,,"24.8","4,,,S"
"KE000063612","LODWAR, KE","3.117","35.617","515.0","2017-06",,,,,,,,,,,,,,,,,"19.8","5,,,S"
"KE000063612","LODWAR, KE","3.117","35.617","515.0","2017-11",,,,,,,,,,,,,,,,,"24.0","4,,,S"
"KE000063612","LODWAR, KE","3.117","35.617","515.0","2017-12",,,,,,,,,,,,,,,,,"20.5","4,,,S"
"KE000063612","LODWAR, KE","3.117","35.617","515.0","2018-01",,,,,,,,,,,,,,,,,"22.2","2,,,S"
"KE000063612","LODWAR, KE","3.117","35.617","515.0","2018-02",,,,,,,,,,,,,,,,,"23.1","5,,,S"
"KE000063612","LODWAR, KE","3.117","35.617","515.0","2018-05",,,,,,,,,,,,,,,,,"24.4","3,,,S"
"KE000063612","LODWAR, KE","3.117","35.617","515.0","2018-07",,,,,,,,,,,,,,,,,"24.9","5,,,S"
"KE000063612","LODWAR, KE","3.117","35.617","515.0","2019-01",,,,,,,,,,,,,,,,,"22.8","2,,,S"
"KE000063612","LODWAR, KE","3.117","35.617","515.0","2019-02",,,,,,,,,,,,,,,,,"23.2","4,,,S"
"KE000063612","LODWAR, KE","3.117","35.617","515.0","2019-04",,,,,,,,,,,,,,,,,"24.9","4,,,S"
"KE000063612","LODWAR, KE","3.117","35.617","515.0","2019-06",,,,,,,,,,,,,,,,,"24.1","3,,,S"
"KE000063612","LODWAR, KE","3.117","35.617","515.0","2019-09",,,,,,,,,,,,,,,,,"26.2","5,,,S"
"KE000063612","LODWAR, KE","3.117","35.617","515.0","2019-12",,,,,,,,,,,,,,,,,"23.7","4,,,S"
"KE000063612","LODWAR, KE","3.117","35.617","515.0","2020-02",,,,,,,,,,,,,,,,,"24.6","4,,,S"
"RWM00064387","KIGALI INTERNATIONAL, RW","-1.969","30.139","1481.0","2015-11",,,"0","5,S","0","5,S",,,"30.0","5,S,13,+",,,,,"27.7","5,,,S",,
"RWM00064387","KIGALI INTERNATIONAL, RW","-1.969","30.139","1481.0","2016-04","11","5,S",,,,,"43.9","5,,S,27,",,,"159.9","5,,,S",,,,,,
"RWM00064387","KIGALI INTERNATIONAL, RW","-1.969","30.139","1481.0","2018-03","12","3,S",,,,,"27.9","3,,S,04,",,,"121.7","3,,,S",,,,,,
"RWM00064387","KIGALI INTERNATIONAL, RW","-1.969","30.139","1481.0","2018-04","14","1,S",,,,,"59.9","1,,S,16,",,,"256.0","1,,,S",,,,,,
"RWM00064387","KIGALI INTERNATIONAL, RW","-1.969","30.139","1481.0","2018-06",,,"0","5,S","0","5,S",,,"27.9","5,S,05,",,,,,"26.1","5,,,S",,
"RWM00064387","KIGALI INTERNATIONAL, RW","-1.969","30.139","1481.0","2019-07",,,"0","4,S","0","4,S",,,"29.6","4,S,21,+",,,,,"27.9","4,,,S",,
"RWM00064387","KIGALI INTERNATIONAL, RW","-1.969","30.139","1481.0","2019-11","10","2,S",,,,,"49.0","2,,S,27,",,,"229.6","2,,,S",,,,,,
"RWM00064387","KIGALI INTERNATIONAL, RW","-1.969","30.139","1481.0","2020-03","9","5,S","0","3,S","0","3,S","73.9","5,,S,02,","29.6","3,S,18,+","279.4","5,,,S",,,"27.5","3,,,S",,
"TZ000063862","DODOMA, TZ","-6.167","35.767","1120.0","2009-02",,,,,,,,,,,,,,,,,"18.5","4,,,S"
"TZ000063862","DODOMA, TZ","-6.167","35.767","1120.0","2009-07",,,,,,,,,,,,,,,,,"13.9","1,,,S"
"TZ000063862","DODOMA, TZ","-6.167","35.767","1120.0","2009-08",,,"0","3,S","0","3,S",,,"29.0","3,S,12,",,,,,"27.3","3,,,S",,
"TZ000063862","DODOMA, TZ","-6.167","35.767","1120.0","2009-09",,,"0","4,S","0","4,S",,,"31.9","4,S,24,",,,,,"29.6","4,,,S",,
"TZ000063862","DODOMA, TZ","-6.167","35.767","1120.0","2009-10",,,"0","3,S","2","3,S",,,"32.8","3,S,10,",,,"24.2","7,S","30.7","3,,,S","17.7","5,,,S"
"TZ000063862","DODOMA, TZ","-6.167","35.767","1120.0","2009-12",,,"0","3,S","15","3,S",,,"33.6","3,S,22,",,,"25.1","8,S","31.0","3,,,S","19.1","5,,,S"
"TZ000063862","DODOMA, TZ","-6.167","35.767","1120.0","2010-09",,,,,,,,,,,,,,,,,"15.4","4,,,S"
"TZ000063862","DODOMA, TZ","-6.167","35.767","1120.0","2011-06",,,"0","4,S","0","4,S",,,"30.5","4,S,10,",,,,,"28.2","4,,,S",,
"TZ000063862","DODOMA, TZ","-6.167","35.767","1120.0","2011-09",,,"0","5,S","0","5,S",,,"31.0","5,S,20,",,,,,"29.2","5,,,S",,
"TZ000063862","DODOMA, TZ","-6.167","35.767","1120.0","2011-10",,,"0","5,S","12","5,S",,,"33.8","5,S,26,",,,,,"31.2","5,,,S",,
"TZ000063862","DODOMA, TZ","-6.167","35.767","1120.0","2011-11",,,"0","2,S","7","2,S",,,"33.1","2,S,23,",,,,,"31.6","2,,,S",,
"TZ000063862","DODOMA, TZ","-6.167","35.767","1120.0","2012-01",,,"0","2,S","0","2,S",,,"31.8","2,S,04,",,,,,"29.2","2,,,S",,
"TZ000063862","DODOMA, TZ","-6.167","35.767","1120.0","2012-10",,,"0","3,S","8","3,S",,,"33.7","3,S,24,",,,,,"31.4","3,,,S",,
"TZ000063862","DODOMA, TZ","-6.167","35.767","1120.0","2013-02",,,"0","4,S","0","4,S",,,"32.1","4,S,25,",,,,,"30.3","4,,,S",,
"TZ000063862","DODOMA, TZ","-6.167","35.767","1120.0","2013-11",,,"0","4,S","15","4,S",,,"34.2","4,S,16,",,,,,"32.4","4,,,S",,
"TZ000063862","DODOMA, TZ","-6.167","35.767","1120.0","2014-02",,,"0","4,S","1","4,S",,,"35.0","4,S,19,",,,,,"29.3","4,,,S",,
"TZ000063862","DODOMA, TZ","-6.167","35.767","1120.0","2014-03",,,"0","2,S","0","2,S",,,"31.6","2,S,27,+",,,,,"29.6","2,,,S",,
"TZ000063862","DODOMA, TZ","-6.167","35.767","1120.0","2014-05",,,"0","5,S","0","5,S",,,"29.5","5,S,11,",,,,,"27.8","5,,,S",,
"TZ000063862","DODOMA, TZ","-6.167","35.767","1120.0","2014-10",,,"0","5,S","3","5,S",,,"34.4","5,S,17,",,,,,"31.2","5,,,S",,
"TZ000063862","DODOMA, TZ","-6.167","35.767","1120.0","2015-03",,,"0","5,S","2","5,S",,,"33.0","5,S,11,",,,,,"30.4","5,,,S",,
"TZ000063862","DODOMA, TZ","-6.167","35.767","1120.0","2015-07",,,"0","5,S","0","5,S",,,"30.4","5,S,31,",,,,,"27.3","5,,,S",,
"TZ000063862","DODOMA, TZ","-6.167","35.767","1120.0","2015-08",,,"0","5,S","0","5,S",,,"30.4","5,S,19,",,,,,"28.3","5,,,S",,
"TZ000063862","DODOMA, TZ","-6.167","35.767","1120.0","2016-04",,,"0","4,S","0","4,S",,,"30.6","4,S,22,",,,,,"28.3","4,,,S",,
"TZ000063862","DODOMA, TZ","-6.167","35.767","1120.0","2016-05",,,"0","4,S","0","4,S",,,"30.2","4,S,17,",,,,,"28.0","4,,,S",,
"TZ000063862","DODOMA, TZ","-6.167","35.767","1120.0","2016-06",,,"0","4,S","0","4,S",,,"28.5","4,S,17,",,,,,"26.9","4,,,S",,
"TZ000063862","DODOMA, TZ","-6.167","35.767","1120.0","2016-08",,,,,,,,,,,,,,,,,"14.9","5,,,S"
"TZ000063862","DODOMA, TZ","-6.167","35.767","1120.0","2016-09",,,"0","5,S","0","5,S",,,"30.5","5,S,29,",,,"21.9","0,S","28.7","5,,,S","15.2","5,,,S"
"TZ000063862","DODOMA, TZ","-6.167","35.767","1120.0","2016-10",,,"0","4,S","4","4,S",,,"34.2","4,S,23,",,,,,"31.1","4,,,S",,
"TZ000063862","DODOMA, TZ","-6.167","35.767","1120.0","2017-01",,,"0","3,S","11","3,S",,,"33.7","3,S,05,",,,,,"31.6","3,,,S",,
"TZ000063862","DODOMA, TZ","-6.167","35.767","1120.0","2017-04",,,"0","4,S","0","4,S",,,"31.8","4,S,02,",,,,,"29.5","4,,,S",,
"TZ000063862","DODOMA, TZ","-6.167","35.767","1120.0","2017-05",,,"0","3,S","0","3,S",,,"30.1","3,S,29,",,,,,"27.9","3,,,S",,
"TZ000063862","DODOMA, TZ","-6.167","35.767","1120.0","2017-06",,,"0","3,S","0","3,S",,,"29.5","3,S,01,",,,,,"27.8","3,,,S",,
"TZ000063862","DODOMA, TZ","-6.167","35.767","1120.0","2017-07",,,"0","5,S","0","5,S",,,"28.8","5,S,02,",,,,,"27.5","5,,,S",,
"TZ000063862","DODOMA, TZ","-6.167","35.767","1120.0","2017-11",,,"0","1,S","14","1,S",,,"33.5","1,S,18,",,,,,"31.8","1,,,S",,
"TZ000063862","DODOMA, TZ","-6.167","35.767","1120.0","2018-01","14","4,S",,,,,"224.0","4,,S,05,",,,"517.0","4,,,S",,,,,,
"TZ000063862","DODOMA, TZ","-6.167","35.767","1120.0","2018-03",,,"0","4,S","0","4,S",,,"29.6","4,S,10,",,,,,"27.8","4,,,S",,
"TZ000063862","DODOMA, TZ","-6.167","35.767","1120.0","2018-05",,,"0","5,S","0","5,S",,,"29.5","5,S,30,",,,,,"27.9","5,,,S",,
"TZ000063862","DODOMA, TZ","-6.167","35.767","1120.0","2018-08",,,"0","4,S","0","4,S",,,"29.5","4,S,27,+",,,,,"27.7","4,,,S",,
"TZ000063862","DODOMA, TZ","-6.167","35.767","1120.0","2018-12",,,"0","3,S","8","3,S",,,"34.1","3,S,03,",,,,,"30.4","3,,,S",,
"TZ000063862","DODOMA, TZ","-6.167","35.767","1120.0","2019-02",,,"0","3,S","5","3,S",,,"33.7","3,S,15,",,,,,"31.3","3,,,S",,
"TZ000063862","DODOMA, TZ","-6.167","35.767","1120.0","2019-05",,,"0","4,S","0","4,S",,,"29.8","4,S,01,",,,,,"27.6","4,,,S",,
"TZ000063862","DODOMA, TZ","-6.167","35.767","1120.0","2019-08",,,"0","3,S","0","3,S",,,"30.6","3,S,06,",,,,,"28.2","3,,,S",,
"TZ000063862","DODOMA, TZ","-6.167","35.767","1120.0","2019-09",,,"0",",S","0",",S",,,"32.0",",S,30,",,,,,"30.0",",,,S",,
"TZ000063862","DODOMA, TZ","-6.167","35.767","1120.0","2019-10",,,"0","2,S","7","2,S",,,"33.4","2,S,22,",,,,,"30.2","2,,,S",,
"TZ000063862","DODOMA, TZ","-6.167","35.767","1120.0","2019-12",,,"0","5,S","0","5,S",,,"31.6","5,S,16,",,,,,"28.8","5,,,S",,
"TZ000063862","DODOMA, TZ","-6.167","35.767","1120.0","2020-04",,,"0","5,S","0","5,S",,,"30.0","5,S,01,",,,,,"27.9","5,,,S",,
"KEM00063686","ELDORET INTERNATIONAL, KE","0.404","35.239","2115.6","2018-06","17","1,S",,,,,"45.0","1,,S,28,",,,"254.7","1,,,S",,,,,,
"KEM00063741","NAIROBI DAGORETTI, KE","-1.3","36.75","1798.0","2009-04",,,"0","5,S","0","5,S",,,"27.6","5,S,19,+",,,"20.6","7,S","25.5","5,,,S","15.8","5,,,S"
"KEM00063741","NAIROBI DAGORETTI, KE","-1.3","36.75","1798.0","2009-05",,,"0","4,S","0","4,S",,,"25.6","4,S,18,",,,,,"23.6","4,,,S",,
"KEM00063741","NAIROBI DAGORETTI, KE","-1.3","36.75","1798.0","2009-08",,,"0","3,S","0","3,S",,,"29.5","3,S,16,",,,"17.4","5,S","22.6","3,,,S","12.2","4,,,S"
"KEM00063741","NAIROBI DAGORETTI, KE","-1.3","36.75","1798.0","2009-09",,,"0","3,S","0","3,S",,,"28.8","3,S,19,",,,,,"25.6","3,,,S",,
"KEM00063741","NAIROBI DAGORETTI, KE","-1.3","36.75","1798.0","2009-10",,,"0","4,S","0","4,S",,,"27.9","4,S,08,",,,,,"24.5","4,,,S",,
"KEM00063741","NAIROBI DAGORETTI, KE","-1.3","36.75","1798.0","2010-06",,,"0","5,S","0","5,S",,,"24.9","5,S,28,",,,,,"21.8","5,,,S",,
"KEM00063741","NAIROBI DAGORETTI, KE","-1.3","36.75","1798.0","2010-09",,,"0","2,S","0","2,S",,,"27.5","2,S,27,+",,,"18.3","4,S","24.3","2,,,S","12.2","4,,,S"
"KEM00063741","NAIROBI DAGORETTI, KE","-1.3","36.75","1798.0","2011-06",,,"0","4,S","0","4,S",,,"26.4","4,S,11,+",,,,,"23.6","4,,,S",,
"KEM00063741","NAIROBI DAGORETTI, KE","-1.3","36.75","1798.0","2019-04",,,"0","4,S","0","4,S",,,"29.5","4,S,21,",,,"21.7","8,S","27.3","4,,,S","16.2","4,,,S"
"KEM00063741","NAIROBI DAGORETTI, KE","-1.3","36.75","1798.0","2019-05",,,,,,,,,,,,,,,,,"15.1","3,,,S"
"KEM00063741","NAIROBI DAGORETTI, KE","-1.3","36.75","1798.0","2019-10","15","4,S",,,,,"53.1","4,,S,19,",,,"242.9","4,,,S",,,,,,
"TZM00063870","ZANZIBAR, TZ","-6.222","39.225","16.5","2009-01",,,,,,,,,,,,,,,,,"24.4","5,,,S"
"TZM00063870","ZANZIBAR, TZ","-6.222","39.225","16.5","2009-05",,,"0","1,S","0","1,S",,,"31.3","1,S,08,",,,,,"30.3","1,,,S",,
"TZM00063870","ZANZIBAR, TZ","-6.222","39.225","16.5","2009-08",,,"0","4,S","0","4,S",,,"31.0","4,S,23,",,,,,"30.1","4,,,S",,
"TZM00063870","ZANZIBAR, TZ","-6.222","39.225","16.5","2009-09",,,"0","3,S","2","3,S",,,"32.5","3,S,22,",,,,,"31.3","3,,,S",,
"TZM00063870","ZANZIBAR, TZ","-6.222","39.225","16.5","2010-11","13","4,S",,,,,"30.0","4,,S,15,",,,"178.2","4,,,S",,,,,,
"TZM00063870","ZANZIBAR, TZ","-6.222","39.225","16.5","2011-04","16","4,S",,,,,"119.9","4,,S,20,",,,"419.9","4,,,S",,,,,,
"TZM00063870","ZANZIBAR, TZ","-6.222","39.225","16.5","2011-08",,,"0","5,S","0","5,S",,,"32.0","5,S,23,",,,,,"29.9","5,,,S",,
"TZM00063870","ZANZIBAR, TZ","-6.222","39.225","16.5","2011-11",,,"0","5,S","3","5,S",,,"32.8","5,S,23,",,,"27.0","7,S","30.7","5,,,S","23.4","4,,,S"
"TZM00063870","ZANZIBAR, TZ","-6.222","39.225","16.5","2013-03","15","5,S",,,,,"53.1","5,,S,11,",,,"291.8","5,,,S",,,,,,
"TZM00063870","ZANZIBAR, TZ","-6.222","39.225","16.5","2013-08",,,"0","2,S","0","2,S",,,"30.8","2,S,25,+",,,,,"29.7","2,,,S",,
"TZM00063870","ZANZIBAR, TZ","-6.222","39.225","16.5","2014-02",,,"0","3,S","17","3,S",,,"35.4","3,S,06,",,,,,"32.6","3,,,S",,
"TZM00063870","ZANZIBAR, TZ","-6.222","39.225","16.5","2014-03",,,"0","4,S","14","4,S",,,"35.2","4,S,25,",,,,,"31.7","4,,,S",,
"TZM00063870","ZANZIBAR, TZ","-6.222","39.225","16.5","2015-02",,,"0","4,S","24","4,S",,,"36.0","4,S,15,",,,,,"34.1","4,,,S",,
"TZM00063870","ZANZIBAR, TZ","-6.222","39.225","16.5","2015-06",,,"0","3,S","0","3,S",,,"31.0","3,S,06,+",,,,,"30.0","3,,,S",,
"TZM00063870","ZANZIBAR, TZ","-6.222","39.225","16.5","2015-10",,,"0","5,S","17","5,S",,,"34.2","5,S,27,+",,,,,"32.6","5,,,S",,
"TZM00063870","ZANZIBAR, TZ","-6.222","39.225","16.5","2016-04","15","3,S",,,,,"83.1","3,,S,17,",,,"453.2","3,,,S",,,,,,
"TZM00063870","ZANZIBAR, TZ","-6.222","39.225","16.5","2016-06",,,"0","5,S","0","5,S",,,"32.0","5,S,05,",,,,,"30.7","5,,,S",,
"TZM00063870","ZANZIBAR, TZ","-6.222","39.225","16.5","2016-12",,,"0","5,S","20","5,S",,,"33.8","5,S,25,",,,"28.5","7,S","32.6","5,,,S","24.4","5,,,S"
"TZM00063870","ZANZIBAR, TZ","-6.222","39.225","16.5","2017-01",,,"0","5,S","26","5,S",,,"35.5","5,S,29,+",,,,,"33.9","5,,,S",,
"TZM00063870","ZANZIBAR, TZ","-6.222","39.225","16.5","2017-02",,,"0","5,S","23","5,S",,,"36.0","5,S,20,+",,,,,"34.6","5,,,S",,
"TZM00063870","ZANZIBAR, TZ","-6.222","39.225","16.5","2017-03",,,"0","3,S","24","3,S",,,"38.5","3,S,04,",,,,,"34.6","3,,,S",,
"TZM00063870","ZANZIBAR, TZ","-6.222","39.225","16.5","2017-07",,,"0","5,S","0","5,S",,,"31.0","5,S,31,",,,"26.4","8,S","30.0","5,,,S","22.8","4,,,S"
"TZM00063870","ZANZIBAR, TZ","-6.222","39.225","16.5","2017-11",,,"0","2,S","8","2,S",,,"33.5","2,S,15,",,,,,"31.6","2,,,S",,
"TZM00063870","ZANZIBAR, TZ","-6.222","39.225","16.5","2018-01",,,"0","4,S","14","4,S",,,"36.0","4,S,02,",,,,,"31.8","4,,,S",,
"TZM00063870","ZANZIBAR, TZ","-6.222","39.225","16.5","2019-10","18","5,S",,,,,"94.0","5,,S,23,",,,"443.1","5,,,S",,,,,,
"TZM00063870","ZANZIBAR, TZ","-6.222","39.225","16.5","2019-11",,,,,,,,,,,,,,,,,"24.6","5,,,S"
"SU000062640","ABU HAMED, SU","19.533","33.317","312.0","2009-04",,,"0","3,S","27","3,S",,,"45.2","3,S,26,+",,,,,"42.0","3,,,S",,
"SU000062640","ABU HAMED, SU","19.533","33.317","312.0","2009-05",,,"0","3,S","27","3,S",,,"46.7","3,S,05,+",,,"33.7","5,S","42.1","3,,,S","25.4","3,,,S"
"SU000062640","ABU HAMED, SU","19.533","33.317","312.0","2009-06",,,"0","5,S","25","5,S",,,"46.7","5,S,22,",,,,,"44.8","5,,,S",,
"SU000062640","ABU HAMED, SU","19.533","33.317","312.0","2013-11",,,"0","4,S","21","4,S",,,"39.0","4,S,07,+",,,"26.7","6,S","34.9","4,,,S","18.5","3,,,S"
"SU000062641","PORT SUDAN, SU","19.583","37.217","42.0","2013-10",,,"0","5,S","26","5,S",,,"39.0","5,S,03,",,,,,"35.1","5,,,S",,
"SU000062641","PORT SUDAN, SU","19.583","37.217","42.0","2013-11",,,"0","4,S","8","4,S",,,"39.0","4,S,07,",,,,,"32.3","4,,,S",,
"SU000062641","PORT SUDAN, SU","19.583","37.217","42.0","2013-12",,,"0","4,S","1","4,S",,,"32.5","4,S,05,",,,,,"28.9","4,,,S",,
"SU000062762","SENNAR, SU","13.55","33.617","418.0","2009-05",,,"0","5,S","26","5,S",,,"45.7","5,S,20,",,,,,"41.6","5,,,S",,
"SU000062781","EN NAHUD, SU","12.7","28.433","564.0","2009-05",,,"0","4,S","27","4,S",,,"44.0","4,S,19,",,,,,"40.9","4,,,S",,
"SUM00062751","WAD MEDANI, SU","14.4","33.483","408.0","2009-05",,,"0","5,S","26","5,S",,,"46.0","5,S,06,",,,,,"42.8","5,,,S",,
"SUM00062751","WAD MEDANI, SU","14.4","33.483","408.0","2013-11",,,"0","3,S","27","3,S",,,"41.2","3,S,05,",,,"28.2","6,S","38.0","3,,,S","18.5","4,,,S"
"SUM00062795","ABU NA AMA, SU","12.733","34.133","445.0","2009-04",,,"0","5,S","25","5,S",,,"45.2","5,S,22,",,,,,"42.8","5,,,S",,
"ET000063333","COMBOLCHA, ET","11.117","39.733","1903.0","2009-02",,,,,,,,,,,,,,,,,"11.4","4,,,S"
"ET000063333","COMBOLCHA, ET","11.117","39.733","1903.0","2009-10",,,,,,,,,,,,,,,,,"11.4","4,,,S"
"ET000063333","COMBOLCHA, ET","11.117","39.733","1903.0","2009-12",,,,,,,,,,,,,,,,,"12.0","5,,,S"
"ET000063333","COMBOLCHA, ET","11.117","39.733","1903.0","2010-06",,,"0","5,S","7","5,S",,,"33.0","5,S,15,",,,"23.6","5,S","31.5","5,,,S","15.8","3,,,S"
"ET000063333","COMBOLCHA, ET","11.117","39.733","1903.0","2010-07",,,"0","3,S","1","3,S",,,"32.3","3,S,03,",,,,,"28.4","3,,,S",,
"ET000063333","COMBOLCHA, ET","11.117","39.733","1903.0","2010-09",,,"0","4,S","0","4,S",,,"29.2","4,S,10,",,,"20.7","5,S","27.0","4,,,S","14.4","3,,,S"
"ET000063333","COMBOLCHA, ET","11.117","39.733","1903.0","2010-11",,,"0","5,S","0","5,S",,,"28.0","5,S,22,",,,"17.6","7,S","25.9","5,,,S","9.4","2,,,S"
"ET000063333","COMBOLCHA, ET","11.117","39.733","1903.0","2011-01",,,,,,,,,,,,,,,,,"11.1","4,,,S"
"ET000063333","COMBOLCHA, ET","11.117","39.733","1903.0","2011-03",,,"0","1,S","0","1,S",,,"30.6","1,S,05,",,,"19.2","6,S","26.5","1,,,S","11.8","5,,,S"
"ET000063333","COMBOLCHA, ET","11.117","39.733","1903.0","2013-05",,,"0","4,S","0","4,S",,,"31.5","4,S,30,",,,"22.6","6,S","29.8","4,,,S","15.3","2,,,S"
"ET000063333","COMBOLCHA, ET","11.117","39.733","1903.0","2013-07","21","2,S","0","3,S","0","3,S","53.1","2,,S,17,","31.3","3,S,03,","341.6","2,,,S","22.0","5,S","28.2","3,,,S","15.8","4,,,S"
"ET000063333","COMBOLCHA, ET","11.117","39.733","1903.0","2013-08","14","5,S",,,,,"40.9","5,,S,30,",,,"212.1","5,,,S",,,,,,
"ET000063333","COMBOLCHA, ET","11.117","39.733","1903.0","2013-12",,,"0","4,S","0","4,S",,,"27.2","4,S,04,",,,"16.0","8,S","24.8","4,,,S","7.2","5,,,S"
"ET000063333","COMBOLCHA, ET","11.117","39.733","1903.0","2014-01",,,,,,,,,,,,,,,,,"10.0","5,,,S"
"ET000063333","COMBOLCHA, ET","11.117","39.733","1903.0","2014-02",,,"0","4,S","0","4,S",,,"29.5","4,S,02,",,,"19.7","6,S","26.0","4,,,S","13.4","5,,,S"
"ET000063333","COMBOLCHA, ET","11.117","39.733","1903.0","2014-05",,,"0","4,S","0","4,S",,,"30.5","4,S,17,",,,,,"28.4","4,,,S",,
"ET000063333","COMBOLCHA, ET","11.117","39.733","1903.0","2014-06",,,"0","5,S","3","5,S",,,"33.0","5,S,18,",,,"22.9","7,S","31.0","5,,,S","14.9","4,,,S"
"ET000063333","COMBOLCHA, ET","11.117","39.733","1903.0","2014-07",,,"0","5,S","3","5,S",,,"32.9","5,S,01,",,,,,"29.6","5,,,S",,
"ET000063333","COMBOLCHA, ET","11.117","39.733","1903.0","2014-09",,,"0","3,S","0","3,S",,,"28.5","3,S,02,",,,"20.3","3,S","26.7","3,,,S","14.0","2,,,S"
"ET000063333","COMBOLCHA, ET","11.117","39.733","1903.0","2014-10",,,"0","4,S","0","4,S",,,"27.2","4,S,27,",,,"18.6","5,S","25.6","4,,,S","11.6","1,,,S"
"ET000063333","COMBOLCHA, ET","11.117","39.733","1903.0","2016-04",,,,,,,,,,,,,,,,,"16.0","5,,,S"
"ET000063333","COMBOLCHA, ET","11.117","39.733","1903.0","2016-05",,,"0","2,S","0","2,S",,,"30.9","2,S,30,",,,"22.0","7,S","28.9","2,,,S","15.1","5,,,S"
"ET000063333","COMBOLCHA, ET","11.117","39.733","1903.0","2016-06",,,,,,,,,,,,,,,,,"15.1","3,,,S"
"ET000063333","COMBOLCHA, ET","11.117","39.733","1903.0","2016-10",,,"0",",S","0",",S",,,"28.6",",S,11,",,,"19.2","1,S","27.4",",,,S","11.1","1,,,S"
"ET000063333","COMBOLCHA, ET","11.117","39.733","1903.0","2016-11",,,"0","2,S","0","2,S",,,"28.7","2,S,24,",,,,,"26.3","2,,,S",,
"ET000063333","COMBOLCHA, ET","11.117","39.733","1903.0","2016-12",,,,,,,,,,,,,,,,,"7.7","5,,,S"
"ET000063333","COMBOLCHA, ET","11.117","39.733","1903.0","2018-12",,,"0","4,S","0","4,S",,,"27.6","4,S,28,",,,"17.0","6,S","25.8","4,,,S","8.2","4,,,S"
"ET000063333","COMBOLCHA, ET","11.117","39.733","1903.0","2019-09",,,"0","4,S","0","4,S",,,"29.4","4,S,05,",,,,,"27.3","4,,,S",,
"ET000063333","COMBOLCHA, ET","11.117","39.733","1903.0","2019-12",,,"0","4,S","0","4,S",,,"26.3","4,S,31,",,,"17.8","6,S","24.8","4,,,S","10.8","4,,,S"
"ET000063333","COMBOLCHA, ET","11.117","39.733","1903.0","2020-01",,,"0","4,S","0","4,S",,,"28.5","4,S,04,",,,,,"25.1","4,,,S",,
"ET000063333","COMBOLCHA, ET","11.117","39.733","1903.0","2020-02",,,,,,,,,,,,,,,,,"12.3","5,,,S"
"SU000062600","WADI HALFA, SU","21.82","31.35","190.0","2009-05",,,"0","3,S","26","3,S",,,"46.5","3,S,04,+",,,"31.0","7,S","38.3","3,,,S","23.8","5,,,S"
"SU000062721","KHARTOUM, SU","15.6","32.549","380.0","2009-02",,,"0","5,S","22","5,S",,,"39.7","5,S,26,",,,,,"36.4","5,,,S",,
"SU000062721","KHARTOUM, SU","15.6","32.549","380.0","2009-04",,,"0","5,S","25","5,S",,,"46.0","5,S,16,+",,,,,"43.1","5,,,S",,
"SU000062721","KHARTOUM, SU","15.6","32.549","380.0","2009-05",,,,,,,,,,,,,,,,,"27.7","5,,,S"
"SU000062721","KHARTOUM, SU","15.6","32.549","380.0","2009-06",,,"0","1,S","29","1,S",,,"45.0","1,S,23,+",,,,,"43.2","1,,,S",,
"SU000062721","KHARTOUM, SU","15.6","32.549","380.0","2013-10",,,"0","5,S","26","5,S",,,"41.6","5,S,03,",,,,,"39.4","5,,,S",,
"SU000062721","KHARTOUM, SU","15.6","32.549","380.0","2013-11",,,"0","4,S","25","4,S",,,"39.7","4,S,07,+",,,"29.4","7,S","36.4","4,,,S","22.3","4,,,S"
"ET000063331","GONDAR, ET","12.55","37.417","1967.0","2014-10",,,,,,,,,,,,,,,,,"13.4","5,,,S"
"SUM00062733","HALFA EL GAIDIDA, SU","15.317","35.6","451.0","2009-05",,,"0","4,S","27","4,S",,,"45.5","4,S,06,+",,,"34.6","6,S","42.5","4,,,S","26.6","5,,,S"
"ET000063450","ADDIS ABABA BOLE, ET","9.033","38.75","2354.0","2012-07","18","4,S",,,,,"26.9","4,,S,13,",,,"202.8","4,,,S",,,,,,
"ET000063450","ADDIS ABABA BOLE, ET","9.033","38.75","2354.0","2012-08","13","2,S",,,,,"65.0","2,,S,10,",,,"223.8","2,,,S",,,,,,
"ET000063450","ADDIS ABABA BOLE, ET","9.033","38.75","2354.0","2013-08","17","3,S",,,,,"29.0","3,,S,15,",,,"171.0","3,,,S",,,,,,
"ET000063450","ADDIS ABABA BOLE, ET","9.033","38.75","2354.0","2013-10",,,,,,,,,,,,,,,,,"10.3","5,,,S"
"ET000063450","ADDIS ABABA BOLE, ET","9.033","38.75","2354.0","2014-01",,,,,,,,,,,,,,,,,"9.5","5,,,S"
"ET000063450","ADDIS ABABA BOLE, ET","9.033","38.75","2354.0","2014-02",,,"0","4,S","0","4,S",,,"27.2","4,S,23,",,,,,"25.3","4,,,S",,
"ET000063450","ADDIS ABABA BOLE, ET","9.033","38.75","2354.0","2014-04",,,,,,,,,,,,,,,,,"12.9","4,,,S"
"ET000063450","ADDIS ABABA BOLE, ET","9.033","38.75","2354.0","2014-05",,,"0","3,S","0","3,S",,,"28.2","3,S,15,",,,"19.5","7,S","26.0","3,,,S","13.1","5,,,S"
"ET000063450","ADDIS ABABA BOLE, ET","9.033","38.75","2354.0","2014-07","15","1,S","0","4,S","0","4,S","16.0","1,,S,07,","24.2","4,S,03,","134.8","1,,,S","17.2","6,S","22.0","4,,,S","12.5","5,,,S"
"ET000063450","ADDIS ABABA BOLE, ET","9.033","38.75","2354.0","2014-08","16","5,S",,,,,"26.9","5,,S,26,",,,"124.2","5,,,S",,,,,,
"ET000063450","ADDIS ABABA BOLE, ET","9.033","38.75","2354.0","2014-09","10","4,S","0","4,S","0","4,S","17.0","4,,S,05,","24.0","4,S,29,","105.1","4,,,S","16.8","6,S","21.7","4,,,S","11.9","3,,,S"
"ET000063450","ADDIS ABABA BOLE, ET","9.033","38.75","2354.0","2014-10",,,,,,,,,,,,,,,,,"10.5","3,,,S"
"ET000063450","ADDIS ABABA BOLE, ET","9.033","38.75","2354.0","2015-07","14","4,S",,,,,"22.1","4,,S,16,",,,"130.4","4,,,S",,,,,,
"ET000063450","ADDIS ABABA BOLE, ET","9.033","38.75","2354.0","2015-08","17","4,S",,,,,"17.0","4,,S,11,",,,"187.0","4,,,S",,,,,"12.4","5,,,S"
"ET000063450","ADDIS ABABA BOLE, ET","9.033","38.75","2354.0","2016-07","15","3,S",,,,,"20.1","3,,S,21,",,,"130.0","3,,,S",,,,,,
"ET000063450","ADDIS ABABA BOLE, ET","9.033","38.75","2354.0","2016-08","13","3,S",,,,,"32.0","3,,S,24,",,,"141.2","3,,,S",,,,,,
"ET000063450","ADDIS ABABA BOLE, ET","9.033","38.75","2354.0","2016-10",,,"0","2,S","0","2,S",,,"25.6","2,S,30,+",,,,,"24.0","2,,,S",,
"ET000063450","ADDIS ABABA BOLE, ET","9.033","38.75","2354.0","2017-04",,,"0","5,S","0","5,S",,,"28.6","5,S,18,+",,,,,"26.7","5,,,S",,
"ET000063450","ADDIS ABABA BOLE, ET","9.033","38.75","2354.0","2018-04","11","5,S",,,,,"26.9","5,,S,09,",,,"105.1","5,,,S",,,,,,
"ET000063450","ADDIS ABABA BOLE, ET","9.033","38.75","2354.0","2019-02",,,"0","4,S","0","4,S",,,"30.6","4,S,26,",,,,,"26.5","4,,,S",,
"ET000063450","ADDIS ABABA BOLE, ET","9.033","38.75","2354.0","2019-12",,,"0","5,S","0","5,S",,,"24.5","5,S,31,",,,,,"23.0","5,,,S",,
"ET000063471","DIREDAWA, ET","9.6","41.85","1260.0","2010-11",,,,,,,,,,,,,,,,,"16.2","5,,,S"
"ET000063471","DIREDAWA, ET","9.6","41.85","1260.0","2012-08",,,"0","1,S","29","1,S",,,"36.1","1,S,27,",,,,,"33.5","1,,,S",,
"ET000063471","DIREDAWA, ET","9.6","41.85","1260.0","2012-09",,,"0","4,S","26","4,S",,,"37.0","4,S,25,",,,,,"35.2","4,,,S",,
"ET000063471","DIREDAWA, ET","9.6","41.85","1260.0","2013-08",,,,,,,,,,,,,,,,,"19.8","3,,,S"
"ET000063471","DIREDAWA, ET","9.6","41.85","1260.0","2014-07",,,"0","3,S","25","3,S",,,"37.8","3,S,05,",,,,,"35.1","3,,,S",,
"ET000063471","DIREDAWA, ET","9.6","41.85","1260.0","2014-09",,,"0","2,S","21","2,S",,,"34.8","2,S,29,",,,,,"32.8","2,,,S",,
"ET000063471","DIREDAWA, ET","9.6","41.85","1260.0","2014-10",,,"0","4,S","14","4,S",,,"34.5","4,S,29,",,,,,"32.0","4,,,S",,
"ET000063471","DIREDAWA, ET","9.6","41.85","1260.0","2015-08",,,"0","4,S","26","4,S",,,"37.0","4,S,17,",,,,,"34.9","4,,,S",,
"ET000063471","DIREDAWA, ET","9.6","41.85","1260.0","2016-10",,,,,,,,,,,,,,,,,"20.0","3,,,S"
"ET000063471","DIREDAWA, ET","9.6","41.85","1260.0","2016-11",,,"0","3,S","10","3,S",,,"33.4","3,S,06,",,,,,"31.4","3,,,S",,
"ET000063471","DIREDAWA, ET","9.6","41.85","1260.0","2017-04",,,"0","4,S","26","4,S",,,"37.8","4,S,17,",,,,,"35.7","4,,,S",,
"ET000063471","DIREDAWA, ET","9.6","41.85","1260.0","2017-05",,,"0","3,S","23","3,S",,,"36.8","3,S,12,",,,,,"33.9","3,,,S",,
